id,logtargamt,
2062,0,7984
2232,0,
2623,0,
3000,0,
4693,0,
5010,0,
5533,0,
6130,0,
6653,0,
6831,0,
7161,0,
7315,0,
7897,0,
9270,0,
9539,0,
11282,3.362108231,
12955,0,
14010,0,
14508,0,
15253,0,
16276,0,
17221,0,
17507,0,
17639,0,
20567,0,
21814,0,
22438,0,
22454,0,
23205,3.034952164,
25038,0,
26417,0,
28100,0,
28495,0,
28762,0,
29220,0,
30171,0,
31690,0,
31828,0,
34290,0,
35017,0,
36129,0,
36536,0,
37826,0,
38482,0,
39527,0,
39608,0,
40886,0,
40894,0,
40975,0,
41513,0,
42528,0,
43400,0,
43702,0,
44563,0,
44865,0,
45497,0,
48429,0,
49719,0,
51306,0,
51578,0,
52795,0,
52841,0,
53210,0,
53279,0,
54003,0,
54437,0,
57878,0,
58521,3.131135941,
58807,2.191652298,
58831,0,
60038,0,
60380,0,
61000,0,
64084,0,
65420,0,
65900,0,
67270,0,
67393,0,
67709,0,
67806,0,
67849,0,
68004,0,
68195,0,
68349,0,
69094,3.131135941,
69299,0,
69752,0,
70173,0,
70211,0,
70637,0,
71595,0,
72737,0,
72770,0,
72850,0,
74071,0,
74438,0,
74454,0,
75248,0,
77232,0,
78719,0,
79324,0,
80225,0,
80365,0,
80896,0,
83135,0,
83267,0,
84620,0,
85375,0,
85448,0,
88510,0,
90255,0,
92363,0,
93050,0,
93386,0,
96334,0,
97713,0,
98299,0,
98680,0,
99384,0,
99945,0,
100110,0,
100218,0,
100790,0,
101540,0,
101958,0,
102199,0,
102261,0,
103101,0,
103314,0,
104353,0,
104418,0,
106380,0,
107123,0,
108200,0,
111201,0,
111562,0,
112917,0,
114278,0,
114502,0,
115037,0,
116998,0,
118290,0,
119237,0,
121428,0,
121622,0,
121630,2.766317368,
122050,0,
122149,0,
123986,0,
124117,0,
124575,0,
125008,0,
125407,0,
125490,0,
126446,0,
127027,0,
127213,0,
128260,0,
129003,0,
129054,0,
129348,0,
129518,0,
129828,0,
129836,3.039747238,
130273,0,
131504,0,
132683,0,
132845,0,
133183,0,
133612,0,
134112,0,
134120,0,
134872,0,
135151,0,
136158,0,
137111,0,
137936,0,
138347,0,
139629,0,
140040,0,
140260,0,
140996,0,
141763,0,
144002,0,
144843,0,
145238,0,
147133,0,
148547,0,
148830,0,
148920,0,
150452,0,
151327,0,
151408,0,
151653,3.284702301,
152650,0,
154997,0,
155446,0,
156191,0,
159913,0,
160083,0,
160644,0,
161365,0,
163317,0,
163945,0,
165972,0,
166898,0,
167380,0,
168432,0,
168980,0,
169714,0,
169790,0,
170674,0,
170810,0,
172480,0,
172880,0,
173576,0,
173959,0,
174157,0,
175226,0,
177156,0,
177407,0,
177644,0,
178136,0,
178420,0,
178756,0,
180645,0,
180750,3.735284805,
183490,0,
184772,0,
184977,0,
185647,0,
186023,0,
186368,0,
186465,0,
188026,0,
189804,0,
189847,0,
190160,2.480730057,
191027,0,
193704,0,
194573,0,
195251,0,
195804,0,
196401,3.362108231,
197190,0,
197823,0,
199486,0,
200824,0,
200840,0,
201995,0,
202142,0,
203386,0,
206040,0,
206326,0,
206342,0,
208736,0,
208841,0,
209090,0,
209929,0,
213616,0,
213705,0,
214574,0,
215678,0,
217972,0,
217980,0,
218529,0,
218723,0,
219037,0,
220329,0,
221104,0,
221287,0,
221414,0,
222810,0,
222968,0,
223123,0,
223280,0,
224227,0,
225223,0,
228427,0,
228770,0,
229571,0,
231428,3.214866638,
231878,0,
235458,0,
236209,0,
237825,0,
239275,0,
240044,0,
241016,0,
245380,0,
245836,0,
247618,0,
250880,0,
251305,0,
252506,0,
253340,0,
254762,0,
256161,0,
256927,0,
257834,0,
257990,0,
259640,0,
262757,0,
266876,0,
267058,0,
269409,0,
273325,0,
274151,0,
278955,0,
279480,0,
280410,0,
280496,0,
282057,0,
284793,0,
285803,0,
287857,0,
289515,0,
289990,0,
292133,0,
292800,0,
292826,0,
292974,0,
293407,0,
294080,0,
296562,0,
296910,0,
299677,0,
301248,0,
301361,0,
303275,0,
303399,0,
304093,0,
304247,0,
307335,0,
308510,0,
309770,0,
310263,0,
314544,0,
315230,0,
315338,0,
315346,0,
315664,0,
322415,0,
322660,0,
323241,0,
325716,0,
327492,0,
331511,0,
333816,0,
334502,0,
334510,0,
336599,0,
336769,0,
337390,0,
340880,0,
342505,0,
342920,0,
345121,0,
345504,0,
346128,0,
346454,0,
356018,0,
356905,0,
360945,0,
371530,0,
383465,0,
387797,0,
388424,0,
399612,0,
405094,4.036865234,
414204,0,
418919,0,
421464,0,
424200,0,
431460,0,
432512,0,
433039,0,
434787,0,
457779,0,
462829,0,
472964,0,
476048,0,
493228,4.139793396,
520730,0,
523569,0,
525928,0,
532827,0,
558125,0,
573531,0,
576930,0,
586684,0,
590630,0,
591971,0,
592935,0,
593788,0,
593826,0,
597490,0,
599298,0,
599492,0,
604046,0,
606499,0,
606642,0,
607312,0,
609102,0,
610151,0,
613053,0,
615080,0,
615897,0,
616087,0,
619507,0,
620505,0,
621226,0,
622036,0,
626457,0,
626996,0,
2005476,0,
2006952,0,
2008246,0,
2008769,0,
2008858,0,
2010461,0,
2010470,0,
2010844,0,
2015110,0,
2029936,0,
2031558,0,
2031906,0,
2031990,0,
2032660,0,
2034239,0,
2035405,0,
2045818,0,
2048345,0,
2051370,0,
2053624,0,
2054337,0,
2055120,0,
2058510,0,
2062208,0,
2063379,0,
2066572,0,
2066840,0,
2067625,0,
2075083,0,
2076705,0,
2078449,0,
2079062,0,
2090562,0,
2093723,0,
2093910,0,
2094878,0,
2095017,0,
2095122,0,
2103613,0,
2103788,0,
2103800,0,
2109603,0,
2111225,0,
2118173,0,
2119781,0,
2122731,0,
2124920,0,
2125943,3.605525971,
2131200,0,
2135760,0,
2137496,0,
2138875,0,
2139472,0,
2141230,0,
2143089,0,
2144000,0,
2144204,0,
2147262,0,
2147785,0,
2152045,0,
2152444,0,
2152584,0,
2160331,0,
2162504,0,
2162695,0,
2163926,0,
2164078,0,
2165040,0,
2166615,0,
2167026,0,
2167905,0,
2170396,0,
2178435,0,
2179032,0,
2183196,0,
2183498,0,
2184087,0,
2185210,3.28840065,
2186721,0,
2195178,0,
2198630,0,
2199777,0,
2200210,3.171783447,
2200597,0,
2201704,0,
2201747,0,
2205122,0,
2206153,0,
2208091,0,
2209314,0,
2211793,0,
2211998,0,
2212218,0,
2213079,0,
2215411,0,
2217449,0,
2217678,0,
2218410,0,
2218780,0,
2218836,0,
2218925,4.328624725,
2219689,0,
2220288,0,
2227134,0,
2229781,0,
2238802,0,
2242273,0,
2242524,0,
2243776,0,
2244900,0,
2245078,0,
2245302,0,
2245744,0,
2246597,0,
2246996,0,
2247208,0,
2249766,0,
2250497,0,
2251736,0,
2252430,0,
2252988,0,
2256770,0,
2257734,0,
2260603,0,
2262932,0,
2263068,0,
2264889,0,
2265273,0,
2267420,0,
2267519,0,
2269066,0,
2269201,0,
2269961,0,
2270986,0,
2276976,0,
2279150,0,
2281856,0,
2283174,0,
2283247,0,
2284790,3.326831818,
2286173,0,
2289407,0,
2292300,0,
2294222,0,
2294508,0,
2294605,0,
2299003,0,
2300621,0,
2302284,0,
2306158,0,
2308665,0,
2308991,0,
2312581,0,
2312883,0,
2313090,0,
2314266,0,
2317168,0,
2319950,0,
2322412,0,
2325055,0,
2325128,0,
2328607,0,
2330962,0,
2332221,0,
2333139,0,
2334127,0,
2336669,0,
2339269,0,
2342197,0,
2346559,0,
2346800,0,
2353490,0,
2353849,0,
2353970,0,
2355370,0,
2357950,0,
2359677,0,
2359936,0,
2362147,0,
2367475,0,
2370034,0,
2370263,0,
2371766,0,
2372207,0,
2375125,4.352848053,
2376466,0,
2383268,0,
2383683,0,
2387069,0,
2389584,0,
2391945,0,
2396882,0,
2401177,0,
2401762,0,
2403510,0,
2406454,0,
2408414,0,
2409364,0,
2410508,0,
2415348,0,
2415704,0,
2421259,0,
2421305,3.171743393,
2425114,0,
2427206,0,
2432684,0,
2433141,0,
2434385,0,
2436108,0,
2439131,0,
2441667,0,
2442388,0,
2442981,3.730020523,
2445794,0,
2446073,0,
2448220,0,
2448505,0,
2449226,0,
2451522,0,
2459590,0,
2461218,2.882001877,
2462010,0,
2467305,0,
2471213,0,
2473410,0,
2482274,0,
2483025,0,
2486628,0,
2487977,0,
2487993,0,
2491605,0,
2493853,0,
2495236,0,
2497573,0,
2500264,0,
2503972,2.393339157,
2504871,0,
2508656,0,
2510472,0,
2510863,0,
2511495,0,
2513749,0,
2514117,0,
2514974,0,
2516322,0,
2517906,0,
2520613,2.191652298,
2523574,0,
2528231,0,
2529181,0,
2530198,0,
2530260,0,
2530988,0,
2531968,0,
2532360,0,
2536617,0,
2544830,3.173458099,
2546221,0,
2557622,0,
2568500,0,
2569760,0,
2575205,0,
2581787,0,
2584018,0,
2589303,0,
2594560,0,
2602350,0,
2607727,0,
2608677,0,
2610086,0,
2610370,0,
2614332,0,
2614421,0,
2614472,0,
2616211,0,
2619792,0,
2619997,0,
2620758,0,
2622971,0,
2626438,0,
2627418,0,
2627523,0,
2630699,0,
2637189,0,
2637413,0,
2637570,0,
2638975,0,
2639637,0,
2643537,0,
2644401,2.923160553,
2644568,0,
2646536,0,
2648210,0,
2648318,0,
2650789,0,
2651831,0,
2656574,0,
2657104,0,
2657457,0,
2658640,0,
2659026,0,
2659697,0,
2661667,0,
2662647,0,
2663317,0,
2663503,0,
2664950,0,
2665492,0,
2667371,0,
2669668,0,
2670313,0,
2670950,0,
2672847,0,
2672871,0,
2673002,0,
2673134,0,
2673444,0,
2674041,0,
2674548,0,
2674556,0,
2677326,0,
2677709,0,
2681900,0,
2682664,0,
2683784,0,
2685477,0,
2686929,0,
2687160,0,
2688298,0,
2688522,0,
2689316,0,
2691256,0,
2691604,0,
2692376,0,
2692740,0,
2693887,3.258094788,
2694107,0,
2695073,0,
2695189,0,
2695707,0,
2696240,0,
2697432,0,
2698331,0,
2699800,0,
2699893,0,
2700573,0,
2700794,0,
2702401,0,
2703432,0,
2704153,0,
2707977,0,
2710005,0,
2711494,0,
2715678,0,
2716100,0,
2718545,0,
2719517,0,
2720779,0,
2722089,0,
2724898,0,
2725193,0,
2725240,0,
2725282,0,
2729296,0,
2730596,0,
2733960,0,
2738899,0,
2740443,0,
2741563,0,
2744589,0,
2744880,0,
2745062,0,
2747022,0,
2747065,0,
2748142,0,
2750937,0,
2751119,0,
2756773,0,
2757443,2.886474609,
2760541,0,
2762021,0,
2763680,0,
2765187,0,
2765900,0,
2766183,0,
2767619,0,
2768070,0,
2770679,0,
2771241,0,
2771535,0,
2774011,0,
2774097,0,
2774798,0,
2775247,3.844812393,
2776162,0,
2776200,0,
2777231,0,
2780232,0,
2782979,0,
2783193,0,
2783770,0,
2784424,0,
2786982,0,
2787237,0,
2787520,0,
2789841,0,
2790467,0,
2792680,0,
2794837,0,
2794969,0,
2795400,0,
2803003,0,
2804433,2.766317368,
2805502,0,
2806428,0,
2806711,0,
2807467,0,
2808072,0,
2813050,0,
2816555,0,
2817063,0,
2820978,0,
2822016,0,
2823160,0,
2824396,0,
2824515,0,
2826160,0,
2829479,0,
2832887,0,
2834057,0,
2837544,0,
2839903,0,
2839970,0,
2840600,0,
2841118,0,
2843382,0,
2845709,0,
2846055,0,
2846608,0,
2847353,0,
2847515,0,
2850958,0,
2851172,0,
2853833,0,
2854074,0,
2854856,0,
2854953,0,
2855399,0,
2856131,0,
2860619,0,
2862247,0,
2862344,0,
2868954,2.3969841,
2870479,0,
2870649,0,
2870754,0,
2871254,0,
2874784,0,
2879930,0,
2880075,0,
2881101,0,
2882965,0,
2883120,0,
2885085,0,
2886847,0,
2887371,0,
2887436,0,
2889242,0,
2891506,0,
2891832,0,
2896788,0,
2897814,0,
2897954,0,
2898179,0,
2898446,0,
2899108,0,
2900491,0,
2904349,0,
2906856,0,
2908557,0,
2909570,0,
2910373,0,
2911493,0,
2913194,0,
2913852,0,
2914700,0,
2915553,0,
2916584,0,
2917858,0,
2918960,0,
2918978,0,
2920077,0,
2920174,0,
2920352,0,
2922886,0,
2922932,0,
2924439,0,
2926393,0,
2926490,0,
2926857,0,
2927446,0,
2930706,0,
2931150,0,
2934086,0,
2935619,0,
2936593,0,
2936992,0,
2937611,0,
2940450,0,
2944235,0,
2946394,3.292125702,
2949091,0,
2950227,0,
2951878,0,
2952092,0,
2953617,0,
2956616,0,
2956896,0,
2957396,0,
2959100,0,
2959801,0,
2962900,0,
2963400,0,
2963744,0,
2964031,0,
2966158,0,
2966484,0,
2967260,0,
2968550,0,
2969696,0,
2973200,0,
2974215,0,
2976080,0,
2977222,0,
2983885,0,
2983966,0,
2983974,0,
2985314,0,
2987279,0,
2987554,0,
2993945,0,
2994682,0,
2994720,0,
2995921,3.523414612,
2996286,0,
2996685,0,
2997193,0,
2998831,0,
2999579,0,
3000753,0,
3001601,0,
3002110,0,
3005542,0,
3005828,0,
3006050,0,
3007251,0,
3007596,0,
3008142,0,
3008908,0,
3009386,0,
3013375,4.514587402,
3017575,0,
3018199,0,
3018784,0,
3020169,0,
3020886,0,
3021165,0,
3022404,0,
3023613,0,
3024512,0,
3025411,0,
3025730,0,
3027996,0,
3029247,0,
3030270,0,
3030679,0,
3036278,0,
3036570,0,
3037541,0,
3037746,0,
3039412,0,
3042782,0,
3044254,0,
3044793,0,
3046311,0,
3046486,0,
3048268,0,
3048330,0,
3048420,0,
3049647,0,
3051234,0,
3053326,0,
3054640,0,
3058859,0,
3058891,0,
3065340,0,
3067262,0,
3067351,0,
3072355,0,
3082008,0,
3085007,0,
3087980,0,
3096963,0,
3097862,0,
3098150,0,
3101444,0,
3114287,0,
3116557,3.633628845,
3116751,0,
3117960,0,
3119220,0,
3122956,0,
3123740,0,
3125777,0,
3125823,0,
3125998,0,
3126650,0,
3127192,0,
3127281,0,
3127567,0,
3127770,0,
3129403,0,
3129705,0,
3132218,0,
3133141,0,
3134989,0,
3137317,0,
3137414,0,
3141136,0,
3141390,0,
3141730,0,
3143210,0,
3144895,0,
3144976,0,
3146197,0,
3148483,0,
3150933,0,
3155021,0,
3156176,0,
3157652,0,
3158101,0,
3159027,0,
3159086,0,
3162680,0,
3165221,0,
3165752,0,
3171973,0,
3174840,0,
3175650,0,
3180107,0,
3181200,0,
3181529,0,
3181553,0,
3182584,0,
3186172,0,
3186229,0,
3190030,0,
3192016,0,
3192326,0,
3195139,0,
3195210,0,
3197417,0,
3199762,0,
3201619,0,
3203336,0,
3206300,0,
3207030,0,
3208389,0,
3208583,0,
3209970,0,
3211010,0,
3213706,0,
3213870,0,
3217426,0,
3218937,0,
3219100,0,
3219763,0,
3220389,0,
3222705,0,
3227049,0,
3232425,0,
3233545,0,
3240371,0,
3241955,0,
3246140,0,
3247031,0,
3247317,3.658418655,
3247619,0,
3255395,0,
3255484,0,
3256324,0,
3260003,0,
3260704,0,
3263320,0,
3263550,0,
3266222,0,
3267253,0,
3269990,0,
3270475,0,
3273717,0,
3277984,0,
3278077,0,
3282597,0,
3284824,0,
3286479,0,
3287793,0,
3288994,0,
3289591,0,
3291324,0,
3292320,0,
3292452,0,
3294498,0,
3303470,0,
3305880,0,
3307140,0,
3307492,0,
3311155,0,
3311589,0,
3320707,0,
3326772,0,
3328392,0,
3329151,0,
3329640,0,
3332110,0,
3334902,0,
3336905,0,
3343049,0,
3344517,0,
3345203,3.156999588,
3346781,0,
3347389,0,
3355365,0,
3357341,0,
3361527,0,
3363511,0,
3373460,0,
3382974,0,
3383997,0,
3387372,0,
3392732,0,
3393143,0,
3394840,0,
3395243,0,
3399060,0,
3401197,0,
3403513,0,
3407977,0,
3409066,0,
3414850,0,
3416461,0,
3416682,0,
3416801,0,
3417697,0,
3419673,0,
3419991,0,
3422259,0,
3422860,0,
3423859,0,
3425622,0,
3426769,0,
3435865,0,
3439119,0,
3441130,0,
3441709,0,
3442845,0,
3444740,0,
3445798,0,
3445917,0,
3447340,0,
3451593,0,
3451992,0,
3453901,0,
3455602,0,
3457060,0,
3460878,0,
3461190,0,
3464482,0,
3469107,0,
3469301,0,
3469689,0,
3469980,0,
3470156,0,
3473252,0,
3474232,0,
3474500,0,
3474755,0,
3477380,0,
3481158,0,
3481980,0,
3483053,0,
3484262,0,
3485110,0,
3485811,0,
3488721,0,
3488993,0,
3490912,0,
3491501,0,
3495396,0,
3496295,0,
3497836,0,
3498131,0,
3498867,0,
3500020,0,
3500543,0,
3500985,0,
3501809,0,
3503895,0,
3504255,0,
3507050,0,
3508331,0,
3511502,0,
3512703,0,
3512991,0,
3517675,0,
3518132,0,
3518779,0,
3520579,0,
3521494,0,
3521915,0,
3523365,0,
3523470,0,
3523705,0,
3524035,0,
3528219,0,
3528448,0,
3529010,0,
3529401,0,
3531554,0,
3531643,0,
3531759,0,
3533239,0,
3534839,0,
3535045,0,
3536521,0,
3536599,0,
3536815,0,
3539733,0,
3540227,0,
3540626,0,
3543013,0,
3543110,0,
3543153,0,
3543188,0,
3543692,0,
3544532,0,
3545512,0,
3550621,0,
3551458,0,
3552004,0,
3552241,0,
3554074,0,
3554406,0,
3558703,0,
3558819,0,
3561941,0,
3563472,0,
3563847,0,
3563952,0,
3564290,0,
3565289,0,
3566315,0,
3566447,0,
3566633,0,
3566919,0,
3568334,0,
3568342,0,
3570886,0,
3570894,0,
3573664,0,
3574938,0,
3576884,0,
3577104,0,
3578801,0,
3580881,0,
3582396,0,
3583830,0,
3590038,0,
3590887,0,
3592588,0,
3592979,0,
3594610,0,
3597342,0,
3602982,0,
3603300,0,
3605574,0,
3610780,0,
3611639,0,
3620417,0,
3624544,0,
3625168,0,
3626237,0,
3626911,0,
3631435,0,
3631591,0,
3631770,1.783390045,
3632733,0,
3636771,0,
3638421,0,
3640027,0,
3640035,0,
3642186,0,
3643190,0,
3643492,0,
3644260,0,
3645134,0,
3667901,4.392593384,
3669564,0,
3669629,0,
3670805,0,
3673650,0,
3675084,0,
3675564,0,
3676277,0,
3676897,0,
3677680,0,
3677974,0,
3678172,0,
3678199,0,
3678962,0,
3679209,0,
3679233,0,
3679705,0,
3681297,0,
3681394,0,
3681769,0,
3683664,0,
3684105,0,
3684261,0,
3684334,0,
3685535,0,
3687376,0,
3688070,0,
3688631,0,
3689077,0,
3689689,0,
3690059,0,
3694941,0,
3696332,0,
3696588,0,
3696685,0,
3697606,0,
3699447,0,
3701395,0,
3702456,0,
3704270,0,
3706257,0,
3707652,0,
3708748,0,
3708845,0,
3709019,0,
3709094,0,
3709434,0,
3710394,0,
3710475,0,
3712214,0,
3712753,0,
3713709,0,
3714144,0,
3714500,0,
3714519,0,
3718751,0,
3719952,0,
3721361,0,
3721922,0,
3725863,0,
3726029,0,
3726444,0,
3726592,0,
3728005,0,
3728587,0,
3730670,0,
3731006,0,
3732240,0,
3732916,0,
3734722,0,
3735052,0,
3736504,0,
3738019,0,
3738191,0,
3740188,0,
3740242,0,
3740269,0,
3741478,0,
3741800,0,
3742032,0,
3742148,0,
3742504,0,
3746372,0,
3746453,0,
3748197,0,
3748650,0,
3748901,0,
3750736,0,
3752062,0,
3752844,0,
3756386,0,
3758249,0,
3759610,0,
3761720,0,
3762254,0,
3763234,0,
3764877,0,
3768198,0,
3768910,0,
3770389,0,
3770478,0,
3773736,0,
3774643,0,
3775640,0,
3776344,0,
3778010,0,
3778118,0,
3779564,0,
3780147,0,
3782247,0,
3782638,0,
3783456,0,
3783715,0,
3783960,0,
3784517,0,
3784614,0,
3786200,0,
3786463,0,
3787010,0,
3787311,0,
3788237,0,
3789390,0,
3790398,0,
3791181,0,
3791637,0,
3791882,0,
3793770,0,
3794750,0,
3794946,0,
3796698,0,
3797430,0,
3800210,0,
3800520,0,
3800598,0,
3803791,0,
3805255,0,
3805581,0,
3805727,0,
3806197,0,
3806553,0,
3808017,0,
3809935,0,
3810240,0,
3810445,0,
3811832,0,
3812634,0,
3813908,0,
3814114,0,
3816370,0,
3816486,0,
3816893,0,
3816974,0,
3817555,0,
3821005,0,
3821188,0,
3822028,0,
3823512,4.048122406,
3826147,0,
3826180,0,
3826325,0,
3826996,0,
3827925,0,
3827968,0,
3829308,0,
3829898,0,
3830411,0,
3830837,0,
3830861,0,
3831671,0,
3831833,0,
3832953,0,
3833330,0,
3833348,0,
3834077,0,
3835642,0,
3837467,0,
3842495,0,
3842690,0,
3842800,0,
3844188,0,
3845249,0,
3845257,0,
3845303,0,
3845680,0,
3846261,3.57654953,
3847110,0,
3847357,0,
3848370,0,
3849120,0,
3849651,0,
3850587,0,
3851400,0,
3851966,0,
3853004,0,
3853500,0,
3854043,0,
3856232,0,
3856704,0,
3857476,0,
3858049,0,
3858251,0,
3859010,0,
3860442,0,
3860833,0,
3860990,0,
3861546,0,
3862488,0,
3863247,0,
3866688,0,
3867773,0,
3869156,0,
3869547,0,
3871428,0,
3872971,0,
3873544,0,
3873714,0,
3873978,2.772586823,
3876217,0,
3876802,0,
3876853,0,
3877361,0,
3878449,0,
3878635,0,
3879283,0,
3879518,0,
3879917,0,
3880001,0,
3880370,0,
3880524,0,
3881318,0,
3882187,0,
3882527,0,
3882853,0,
3883353,0,
3883485,0,
3885429,0,
3885550,0,
3885976,0,
3886034,0,
3886557,0,
3887642,0,
3888207,0,
3888240,0,
3891364,0,
3891615,0,
3891763,0,
3893774,0,
3895424,0,
3895815,0,
3896021,0,
3896811,0,
3897842,0,
3898350,0,
3898601,0,
3899861,0,
3900487,0,
3901114,3.26956749,
3901580,0,
3901777,3.254241943,
3903885,0,
3904229,0,
3905853,0,
3906213,0,
3906949,0,
3909344,0,
3909565,0,
3910156,0,
3914348,0,
3921123,2.769456863,
3922820,0,
3924653,0,
3924661,0,
3926338,0,
3927628,0,
3927725,0,
3928454,0,
3928926,0,
3929043,0,
3929124,0,
3929183,0,
3930505,0,
3931951,4.369445801,
3932311,0,
3932761,3.491950989,
3933385,0,
3933482,0,
3934730,0,
3934780,0,
3935833,0,
3936171,0,
3936384,0,
3936406,0,
3936600,0,
3936732,0,
3937615,0,
3938131,0,
3938263,0,
3939650,0,
3941183,0,
3941191,0,
3942295,0,
3942589,0,
3943437,0,
3945510,0,
3946312,0,
3948188,0,
3949320,0,
3955044,0,
3957055,0,
3958400,0,
3959112,0,
3959945,0,
3960951,0,
3961397,0,
3961443,0,
3964361,0,
3964493,0,
3965457,0,
3966089,0,
3967433,0,
3970558,0,
3971945,0,
3972070,0,
3973255,0,
3973360,0,
3974146,0,
3974685,0,
3976769,0,
3980340,0,
3980359,0,
3983625,0,
3983870,0,
3983889,0,
3987116,0,
3987140,0,
3987159,0,
3987558,0,
3990761,0,
3992462,0,
3994627,0,
3995666,0,
3996476,0,
3996506,0,
3997928,3.253854752,
3998592,0,
3998690,3.294353485,
3999645,0,
4000781,0,
4001753,0,
4003942,0,
4004558,0,
4005643,3.927894592,
4005740,0,
4006143,0,
4006410,0,
4006631,0,
4007069,0,
4008170,0,
4008413,0,
4009622,0,
4010132,0,
4010523,0,
4013310,0,
4013450,0,
4013735,0,
4013948,0,
4014103,0,
4014367,0,
4016629,0,
4017765,0,
4019318,0,
4019628,0,
4019890,0,
4020464,0,
4020499,0,
4020774,0,
4020979,0,
4021290,0,
4026349,0,
4026616,0,
4026802,0,
4027337,0,
4027558,0,
4027949,0,
4030893,0,
4030966,0,
4031237,0,
4031431,0,
4031857,0,
4032632,0,
4032918,0,
4033582,0,
4033663,0,
4033957,0,
4034287,0,
4034422,0,
4036620,0,
4038304,0,
4039181,0,
4039742,0,
4039904,0,
4041232,0,
4041399,0,
4042344,0,
4042980,0,
4043090,0,
4043421,0,
4044240,0,
4046447,0,
4048890,0,
4050452,0,
4052765,0,
4055829,0,
4056337,0,
4056442,0,
4057392,3.397521973,
4058291,0,
4058569,0,
4058828,0,
4059697,0,
4060202,0,
4060326,0,
4060385,0,
4062400,0,
4062957,0,
4063198,0,
4064216,0,
4064607,0,
4065328,0,
4065492,0,
4066197,0,
4066278,0,
4066723,0,
4066839,0,
4067460,0,
4067843,0,
4068459,0,
4068505,0,
4069650,0,
4069668,0,
4069765,0,
4070763,0,
4070828,0,
4071034,0,
4071174,0,
4071832,0,
4072022,0,
4072189,3.82711792,
4072197,0,
4072570,0,
4074947,0,
4075480,0,
4075897,0,
4076150,0,
4076362,0,
4076389,0,
4078063,3.692621231,
4078160,0,
4078381,0,
4078420,0,
4079078,0,
4081080,0,
4081110,0,
4081218,0,
4081773,0,
4082656,0,
4083091,0,
4085370,0,
4085540,0,
4086147,0,
4090209,0,
4090403,0,
4090683,0,
4091353,0,
4091884,0,
4093011,0,
4094425,0,
4094875,0,
4094948,0,
4095448,0,
4097599,0,
4097890,0,
4098285,0,
4100670,0,
4101014,0,
4101103,2.734365463,
4101111,0,
4101421,0,
4101529,0,
4102258,0,
4102266,0,
4102908,0,
4104919,0,
4105419,0,
4105605,0,
4106237,0,
4107071,0,
4110625,0,
4110960,0,
4110978,0,
4112512,0,
4114639,0,
4115074,0,
4115570,0,
4116062,0,
4117093,0,
4117883,0,
4117972,0,
4119401,0,
4119436,0,
4119622,0,
4120590,0,
4120779,0,
4121821,0,
4121953,0,
4122992,0,
4123182,0,
4123700,0,
4123859,0,
4124600,0,
4124685,0,
4125509,0,
4132262,0,
4132505,0,
4134621,0,
4136390,0,
4139585,0,
4142586,0,
4143523,0,
4148690,0,
4148932,0,
4148959,0,
4149742,0,
4150066,0,
4152603,0,
4152670,0,
4154908,0,
4155149,3.256170273,
4155173,0,
4155327,0,
4155483,0,
4155610,0,
4156722,0,
4156994,0,
4157222,0,
4159667,0,
4161092,0,
4161912,0,
4162749,0,
4164482,0,
4164903,0,
4165306,0,
4166469,0,
4169115,0,
4169379,0,
4170644,0,
4170741,0,
4170849,0,
4172299,0,
4173147,0,
4173228,0,
4175425,3.954889298,
4176537,0,
4177444,0,
4178335,0,
4179897,0,
4180852,0,
4181379,0,
4182324,0,
4184866,0,
4184890,0,
4185455,0,
4186001,0,
4186486,0,
4187008,0,
4188110,0,
4191072,0,
4191617,0,
4193385,0,
4193407,0,
4194519,0,
4196279,0,
4196406,0,
4196538,0,
4196910,0,
4197070,0,
4198093,0,
4198182,0,
4198654,0,
4198727,0,
4199090,0,
4200586,0,
4200900,0,
4202155,0,
4202813,0,
4202856,0,
4204468,0,
4204565,0,
4205391,0,
4206053,0,
4206460,0,
4207076,0,
4209966,0,
4210743,0,
4211227,0,
4211260,0,
4211391,0,
4211413,0,
4211600,0,
4213807,0,
4215672,0,
4215826,0,
4215885,0,
4216520,0,
4216660,3.109060288,
4216970,0,
4217438,0,
4218841,0,
4220463,0,
4220510,0,
4221524,0,
4221869,0,
4222440,0,
4222512,0,
4222814,0,
4223640,0,
4225880,0,
4226259,0,
4228146,0,
4228510,0,
4232119,0,
4236980,0,
4238443,0,
4248082,0,
4260589,0,
4262220,0,
4269152,0,
4272145,0,
4275969,0,
4276035,0,
4277155,0,
4278216,0,
4278852,0,
4279980,0,
4280113,0,
4280474,0,
4280911,0,
4283821,0,
4283848,0,
4284232,0,
4284402,0,
4284887,0,
4285069,0,
4287720,0,
4287924,0,
4288050,0,
4288769,0,
4290321,0,
4290577,0,
4291492,0,
4292111,0,
4292596,0,
4292995,0,
4293738,0,
4294220,0,
4295153,0,
4295625,0,
4295641,0,
4296001,0,
4296729,0,
4297113,0,
4297237,0,
4298012,0,
4298144,0,
4298624,0,
4298802,5.228160858,
4298993,0,
4299272,0,
4299310,0,
4300084,0,
4300793,0,
4301110,0,
4301633,0,
4301951,0,
4302206,0,
4302648,0,
4302842,0,
4303881,0,
4305019,0,
4305132,0,
4305183,0,
4305574,0,
4305655,0,
4305990,0,
4306201,0,
4306244,0,
4306600,0,
4306961,0,
4309855,2.882001877,
4310128,0,
4313240,0,
4313283,0,
4313968,0,
4313984,0,
4314670,0,
4314964,0,
4315545,0,
4316070,0,
4316126,0,
4316371,0,
4316398,0,
4316894,0,
4317050,0,
4317475,0,
4318200,0,
4319320,0,
4320018,0,
4320310,0,
4320689,0,
4320980,0,
4321200,0,
4322371,0,
4322444,0,
4324617,0,
4326270,0,
4326350,0,
4326938,0,
4327144,0,
4328124,0,
4328418,0,
4330960,0,
4335244,0,
4335910,0,
4339940,0,
4340078,0,
4341732,0,
4341767,0,
4342321,0,
4342380,0,
4342712,0,
4342747,0,
4344642,0,
4346491,0,
4346637,0,
4347242,0,
4350979,0,
4351193,0,
4352424,0,
4352637,0,
4353129,0,
4353501,0,
4353943,0,
4355148,0,
4356136,0,
4357124,0,
4357264,0,
4357990,0,
4359267,0,
4359879,0,
4360389,0,
4360605,0,
4361652,0,
4363817,0,
4363884,0,
4364260,0,
4364988,0,
4366557,0,
4367480,0,
4371283,0,
4372220,0,
4374371,0,
4374525,5.00226593,
4376382,0,
4377443,0,
4378539,0,
4378776,0,
4380045,0,
4381513,0,
4381912,0,
4382099,0,
4382943,0,
4383125,0,
4383923,0,
4384296,0,
4384318,0,
4384903,0,
4389549,0,
4392108,0,
4392248,0,
4393589,0,
4393805,0,
4394860,0,
4395000,0,
4395328,0,
4395611,0,
4395948,0,
4396065,0,
4396901,0,
4397258,0,
4397541,0,
4397550,0,
4398661,0,
4399080,0,
4400135,0,
4400844,0,
4402553,0,
4402863,0,
4403002,0,
4403967,0,
4404157,0,
4405579,0,
4405595,0,
4406117,0,
4407610,0,
4409930,0,
4410033,0,
4410653,0,
4410718,0,
4410947,0,
4411153,0,
4411749,2.393339157,
4412087,0,
4412818,0,
4413075,2.801538467,
4416090,0,
4416520,0,
4417844,0,
4417925,0,
4418565,0,
4418654,0,
4419235,0,
4419448,0,
4419499,0,
4419596,0,
4419693,0,
4420217,0,
4420756,0,
4421167,0,
4421493,0,
4421744,0,
4421906,0,
4422155,0,
4422732,0,
4422988,0,
4423267,0,
4423348,0,
4423380,0,
4423682,0,
4423771,0,
4425820,0,
4426258,0,
4426754,0,
4426770,0,
4426932,0,
4427009,0,
4427017,0,
4427084,0,
4427475,0,
4429303,0,
4429567,0,
4429800,0,
4429915,0,
4429982,0,
4430875,0,
4431693,0,
4431928,0,
4432339,0,
4432827,0,
4432843,0,
4433335,0,
4435150,0,
4435710,0,
4436113,0,
4436423,0,
4437144,0,
4437365,0,
4437454,0,
4437748,0,
4437853,0,
4437896,0,
4438388,0,
4439007,0,
4439570,0,
4439740,0,
4439996,0,
4440862,0,
4440897,0,
4441508,0,
4441575,0,
4441974,0,
4442717,0,
4442881,0,
4442989,0,
4443144,0,
4443519,0,
4443659,0,
4444671,0,
4446585,0,
4447948,3.111289978,
4449959,0,
4450043,0,
4451708,0,
4452569,0,
4452836,0,
4452860,0,
4452887,0,
4453344,0,
4455312,0,
4455797,0,
4456920,0,
4458079,0,
4458346,0,
4459024,0,
4459059,0,
4459555,0,
4460049,0,
4460642,0,
4461088,0,
4461290,0,
4461665,0,
4461835,0,
4462513,0,
4463650,0,
4463773,0,
4464109,0,
4465261,0,
4465695,0,
4466578,0,
4466624,0,
4466888,0,
4467442,0,
4467523,0,
4467728,0,
4470303,0,
4470346,0,
4470494,0,
4472608,0,
4472675,0,
4473817,0,
4502043,3.945457459,
4503023,0,
4504283,0,
4505883,0,
4507835,0,
4510003,0,
4510011,0,
4510372,0,
4511360,0,
4513886,0,
4517334,0,
4518195,0,
4518500,0,
4519965,0,
4520173,0,
4521137,0,
4525213,0,
4525221,0,
4528476,0,
4531230,0,
4531973,0,
4532937,0,
4535243,0,
4535707,0,
4540506,0,
4542401,0,
4544331,0,
4544560,0,
4544943,0,
4547020,0,
4550013,0,
4551001,0,
4551680,0,
4555180,0,
4559126,0,
4559355,0,
4559878,0,
4563263,0,
4563611,0,
4568508,0,
4569652,0,
4571452,0,
4571550,0,
4573471,0,
4575938,0,
4576012,0,
4576101,0,
4577167,0,
4580559,0,
4583930,0,
4584244,0,
4585020,0,
4586999,0,
4587626,0,
4589530,0,
4590635,0,
4590660,0,
4590759,0,
4592247,0,
4592905,0,
4593545,0,
4595467,0,
4601360,0,
4602200,0,
4610970,0,
4612582,0,
4613244,0,
4613260,0,
4615484,0,
4619358,0,
4619633,0,
4625889,0,
4626249,0,
4628497,0,
4629604,0,
4631161,0,
4631374,0,
4632974,0,
4635728,0,
4637534,0,
4637941,0,
4642910,0,
4647076,0,
4647696,0,
4649079,0,
4651197,0,
4654552,0,
4659481,0,
4659694,0,
4659775,0,
4662911,0,
4663063,0,
4663535,0,
4663730,0,
4666399,0,
4669665,0,
4670248,0,
4673255,0,
4673530,0,
4675304,0,
4677722,0,
4678966,0,
4684117,0,
4684125,0,
4685075,0,
4685598,0,
4686527,0,
4690184,0,
4694597,0,
4698169,0,
4698851,0,
4707044,0,
4708504,0,
4708539,0,
4709012,0,
4710240,0,
4718232,0,
4720792,0,
4721519,0,
4722710,0,
4723511,0,
4727088,0,
4727380,0,
4727789,0,
4728343,0,
4729218,0,
4729617,0,
4733312,0,
4733541,0,
4733673,0,
4734874,0,
4737288,0,
4739272,0,
4742710,0,
4743610,0,
4744390,3.430755615,
4747453,0,
4748107,0,
4748433,0,
4749391,0,
4753852,0,
4755197,0,
4758676,0,
4759230,0,
4762975,0,
4763777,0,
4764684,0,
4767977,0,
4769686,0,
4770854,0,
4774477,0,
4775260,0,
4776313,0,
4777077,0,
4777158,0,
4782984,0,
4783018,0,
4783530,0,
4786920,0,
4789644,0,
4791100,0,
4792068,0,
4798570,0,
4800605,0,
4801172,0,
4803086,2.140066147,
4803477,0,
4808169,0,
4809807,0,
4812859,0,
4813812,0,
4816161,0,
4822170,0,
4823370,0,
4823630,0,
4824318,0,
4824377,0,
4825608,0,
4825845,0,
4830156,0,
4836340,0,
4837835,0,
4840658,0,
4843339,0,
4847423,0,
4851455,0,
4853350,0,
4856503,0,
4859278,0,
4860250,0,
4861558,0,
4862872,0,
4864581,5.176994324,
4865677,0,
4866738,0,
4870310,0,
4873963,0,
4876881,0,
4877039,0,
4877330,0,
4878264,0,
4880773,0,
4881044,0,
4888030,0,
4888170,0,
4890388,0,
4890736,0,
4891759,0,
4892755,0,
4896947,0,
4897536,0,
4897820,0,
4898486,0,
4899504,0,
4899806,0,
4901231,0,
4904338,0,
4905318,0,
4909119,0,
4909968,0,
4912861,0,
4914635,0,
4916115,0,
4916379,0,
4917138,0,
4918010,0,
4918193,0,
4925076,0,
4925599,0,
4928679,0,
4933788,0,
4939263,0,
4940890,0,
4940903,0,
4944569,0,
4955927,0,
4956974,0,
4957369,0,
4959256,0,
4961056,0,
4962060,0,
4963750,0,
4964799,0,
4967755,0,
4969200,0,
4972899,0,
4974069,0,
4978609,0,
4979150,0,
4980182,0,
4980727,0,
4981472,0,
4983432,0,
4987845,0,
4988205,0,
4991770,0,
4995198,0,
4995473,0,
4997280,0,
4999037,0,
5000874,0,
5002605,0,
5004306,0,
5004497,0,
5004888,0,
5004934,0,
5005736,0,
5007283,0,
5007640,0,
5009421,0,
5010314,0,
5010640,0,
5014239,0,
5018471,0,
5018498,0,
5018765,3.034952164,
5020166,0,
5021472,0,
5021812,0,
5025109,0,
5026490,0,
5027810,0,
5027985,0,
5028850,0,
5029287,0,
5029821,0,
5030420,0,
5032059,0,
5032172,0,
5033705,0,
5034493,0,
5036127,0,
5037018,0,
5037476,0,
5037832,0,
5039886,0,
5044049,0,
5045290,0,
5047854,0,
5055423,0,
5056438,0,
5063248,0,
5064406,0,
5065267,0,
5065674,0,
5068371,0,
5071569,0,
5071925,0,
5075416,0,
5076056,0,
5080878,0,
5081670,0,
5082382,0,
5083990,0,
5087597,0,
5090083,0,
5093988,0,
5094917,0,
5095840,0,
5097193,0,
5099102,0,
5100968,0,
5102065,0,
5102901,0,
5103789,0,
5104475,0,
5105099,0,
5106206,0,
5106524,0,
5111374,0,
5111803,0,
5112460,0,
5112508,0,
5119634,0,
5120314,3.604137421,
5120640,0,
5120870,0,
5121434,0,
5133521,0,
5135257,0,
5136415,0,
5136660,0,
5137837,0,
5142539,0,
5143985,0,
5144132,0,
5145287,0,
5150078,0,
5150752,0,
5153611,0,
5153999,0,
5155240,0,
5155568,0,
5156700,0,
5158915,0,
5160251,0,
5160987,0,
5161150,0,
5161304,0,
5167175,0,
5168694,0,
5168988,0,
5170397,0,
5172500,0,
5173540,0,
5175550,0,
5178908,0,
5180597,0,
5181160,0,
5186129,0,
5187826,0,
5188466,0,
5192048,0,
5199867,0,
5206120,0,
5206472,0,
5209285,0,
5213312,0,
5214726,0,
5220092,0,
5224152,0,
5224802,0,
5225582,0,
5226660,0,
5227232,0,
5227933,0,
5228514,0,
5236169,0,
5240980,0,
5242452,0,
5244773,0,
5251591,0,
5259690,0,
5266742,0,
5269342,0,
5269776,0,
5270197,0,
5270561,0,
5272114,0,
5278554,0,
5284732,0,
5285259,0,
5287995,0,
5293928,0,
5294290,0,
5295394,0,
5296099,0,
5299888,0,
5300100,0,
5300681,0,
5301033,0,
5302625,0,
5306264,0,
5319234,0,
5321700,0,
5322537,3.326831818,
5324998,0,
5325706,0,
5329647,0,
5334276,0,
5337542,0,
5340110,0,
5340349,0,
5340730,0,
5343631,0,
5343836,0,
5343941,0,
5349419,0,
5353696,0,
5356776,0,
5358639,0,
5359821,0,
5359899,0,
5361427,0,
5361486,0,
5362520,0,
5364256,0,
5364795,0,
5366356,0,
5367000,0,
5370264,0,
5372925,0,
5374820,0,
5375428,0,
5379440,0,
5381096,0,
5383404,0,
5383811,0,
5386608,0,
5386896,0,
5387248,0,
5387485,4.075839996,
5388490,0,
5389356,0,
5390524,0,
5391822,0,
5392705,0,
5398703,0,
5398886,0,
5404860,0,
5406846,0,
5408580,0,
5410576,0,
5412552,0,
5413478,0,
5413664,0,
5415543,0,
5416183,0,
5416213,0,
5418941,0.916290283,
5419867,0,
5422035,0,
5423457,0,
5425018,0,
5425964,0,
5426456,0,
5427568,0,
5428424,0,
5428939,0,
5429927,0,
5432570,0,
5434238,0,
5436273,0,
5438926,0,
5439302,0,
5441382,0,
5442893,0,
5444250,0,
5444810,0,
5444942,0,
5446112,0,
5446449,0,
5451132,0,
5451400,0,
5451680,0,
5452295,0,
5454549,0,
5455669,0,
5456622,0,
5462207,0,
5464269,0,
5466806,0,
5467136,0,
5467594,0,
5468949,0,
5469210,0,
5469279,0,
5469694,0,
5469945,0,
5470978,0,
5471320,0,
5472695,0,
5473330,0,
5476062,0,
5476720,0,
5478421,0,
5479690,0,
5481570,0,
5482240,0,
5482674,0,
5483093,0,
5484545,0,
5484553,0,
5485479,0,
5486718,0,
5488168,2.734365463,
5488273,0,
5489989,0,
5490910,0,
5491860,0,
5492262,0,
5498414,0,
5499240,0,
5502616,0,
5502780,0,
5504970,0,
5505828,0,
5505909,0,
5506271,0,
5506689,0,
5507383,0,
5510180,0,
5510449,0,
5511330,0,
5511372,0,
5511470,0,
5511844,0,
5511950,0,
5512735,0,
5515262,0,
5515793,0,
5516404,0,
5517524,0,
5519861,0,
5520290,0,
5521769,0,
5522064,0,
5522757,0,
5524474,0,
5525330,0,
5527015,0,
5529026,0,
5533260,0,
5534470,0,
5535409,0,
5535786,0,
5535891,0,
5539285,0,
5539447,0,
5541018,0,
5541484,0,
5550637,0,
5550653,0,
5550700,0,
5550750,0,
5551196,0,
5552788,0,
5554233,0,
5557305,0,
5557518,0,
5557690,0,
5558247,0,
5558557,0,
5561361,0,
5561949,0,
5563640,0,
5566894,0,
5581877,0,
5589045,0,
5610451,0,
5615526,0,
5635683,3.034952164,
5636990,0,
5644534,0,
5651948,0,
5658772,0,
5659523,0,
5661862,0,
5669685,0,
5675146,2.797279358,
5695473,0,
5701350,0,
5703778,0,
5711142,0,
5715954,0,
5717442,0,
5717582,0,
5717744,0,
5719844,0,
5720702,0,
5721032,0,
5724120,0,
5724465,0,
5726654,0,
5729769,0,
5730627,0,
5731380,0,
5735521,0,
5736560,0,
5739004,0,
5741157,0,
5741475,0,
5741963,0,
5742420,0,
5742838,0,
5743524,0,
5744458,0,
5749298,0,
5750547,0,
5750644,0,
5751594,0,
5753414,0,
5757380,0,
5758564,0,
5761913,0,
5763460,0,
5765374,0,
5768861,0,
5769949,0,
5772192,0,
5775019,0,
5775116,0,
5775370,0,
5775540,0,
5775990,0,
5778786,0,
5778859,0,
5778956,0,
5779243,0,
5779553,0,
5782082,0,
5782597,0,
5784794,0,
5786525,0,
5787750,0,
5787939,0,
5788021,0,
5789028,0,
5789532,0,
5790727,0,
5791421,0,
5791928,0,
5796202,0,
5797985,0,
5800277,0,
5800668,0,
5802466,0,
5803322,0,
5804647,0,
5807638,0,
5808251,0,
5808510,0,
5810604,0,
5810612,0,
5811287,0,
5812755,0,
5813077,0,
5813425,0,
5814278,0,
5814553,0,
5820537,0,
5820723,0,
5821908,0,
5822947,0,
5825687,0,
5827850,0,
5828473,0,
5830907,0,
5831083,0,
5831369,0,
5832063,0,
5833310,0,
5833841,0,
5834023,0,
5834449,0,
5834740,0,
5835070,0,
5836174,0,
5838061,0,
5838339,0,
5839386,0,
5839696,0,
5841526,0,
5842131,0,
5842581,0,
5843634,0,
5844444,0,
5844789,0,
5846269,0,
5847214,0,
5848180,0,
5849012,0,
5850789,0,
5853516,0,
5854032,0,
5854741,0,
5854989,0,
5855578,0,
5856876,0,
5856906,0,
5858305,0,
5860318,0,
5861489,0,
5867320,0,
5868424,0,
5868912,0,
5868947,0,
5873576,0,
5873665,0,
5874793,0,
5877792,0,
5880726,3.361761093,
5880963,0,
5882052,0,
5882184,0,
5885710,0,
5888697,0,
5890276,0,
5891329,0,
5892015,0,
5894743,0,
5894808,0,
5897220,0,
5898900,0,
5899966,0,
5902053,0,
5905419,0,
5908450,0,
5910641,0,
5911826,0,
5915902,0,
5915953,0,
5916097,0,
5918367,0,
5919177,0,
5921279,0,
5924952,0,
5925673,0,
5926440,0,
5927153,0,
5928290,0,
5930782,0,
5931622,0,
5932505,0,
5934443,0,
5935881,0,
5936446,0,
5936837,0,
5939542,0,
5940249,0,
5940664,0,
5942462,0,
5943353,0,
5943477,0,
5948312,0,
5948673,0,
5950643,0,
5951313,0,
5951356,0,
5953650,0,
5956234,0,
5956498,0,
5956544,0,
5956960,0,
5957281,0,
5958695,0,
5961122,3.036872864,
5965780,0,
5965950,0,
5966515,0,
5974097,0,
5978041,0,
6001327,0,
6001556,0,
6005349,0,
6006051,0,
6008046,0,
6010890,2.3969841,
6018270,0,
6021034,0,
6024513,0,
6036368,0,
6038654,0,
6052983,0,
6057195,0,
6061257,0,
6061770,0,
6067883,0,
6068502,4.073287964,
6077340,0,
6079580,0,
6086349,0,
6092420,0,
6092802,0,
6099440,0,
6102964,0,
6104185,0,
6106277,0,
6109047,0,
6109241,0,
6109381,0,
6112927,0,
6113206,0,
6122965,0,
6144055,0,
6150144,0,
6154247,3.015533447,
6155251,0,
6159621,0,
6167403,0,
6181279,0,
6184855,0,
6191886,0,
6198910,0,
6204872,0,
6210015,0,
6210643,0,
6215912,0,
6217281,0,
6230636,0,
6239161,0,
6239528,0,
6240178,0,
6244912,0,
6246834,0,
6248047,0,
6248217,0,
6248640,0,
6249248,2.38876152,
6249906,0,
6256910,0,
6265278,0,
6265472,0,
6276407,0,
6277594,0,
6280480,0,
6286631,0,
6288405,3.171783447,
6289622,0,
6291562,0,
6295436,0,
6295746,0,
6296394,0,
6296424,0,
6301444,0,
6305849,0,
6306764,2.631887436,
6306780,0,
6313108,0,
6317650,0,
6323421,0,
6323545,0,
6325912,0,
6327680,0,
6330428,0,
6332102,0,
6332617,0,
6332625,0,
6332650,0,
6333699,0,
6335306,0,
6336582,0,
6338160,0,
6338917,3.039747238,
6340350,0,
6340709,0,
6340725,0,
6344526,0,
6344640,0,
6347193,0,
6349137,0,
6349188,0,
6350089,3.039747238,
6350410,0,
6350488,3.360374451,
6351468,0,
6354467,0,
6355390,0,
6355412,0,
6356737,0,
6358438,0,
6363121,0,
6363393,0,
6363709,0,
6835015,0,
6838251,0,
6844081,0,
6847188,0,
6853757,0,
6856713,0,
6857051,0,
6858147,0,
6859380,0,
6860281,5.124259949,
6863132,0,
6864376,0,
6865461,0,
6865836,0,
6866409,0,
6867642,0,
6869750,4.325984955,
6874096,0,
6875327,0,
6876129,0,
6883605,0,
6884482,0,
6885586,0,
6888364,0,
6892353,0,
6894240,0,
6898769,0,
6906400,0,
6906613,0,
6907067,0,
6907792,2.663749695,
6908420,0,
6909809,0,
6910041,0,
6912036,3.254241943,
6916589,0,
6918816,0,
6920438,0,
6924506,0,
6926401,0,
6927416,0,
6931146,0,
6932703,0,
6933815,0,
6937713,0,
6938795,0,
6941796,0,
6942784,0,
6945406,0,
6947867,0,
6948197,0,
6948235,0,
6948367,0,
6950205,0,
6954766,0,
6955142,0,
6955487,0,
6956475,0,
6956670,0,
6957412,0,
6957781,0,
6958214,0,
6958702,0,
6959156,0,
6959318,0,
6959369,0,
6960006,0,
6960146,0,
6961100,0,
6961886,0,
6961894,0,
6962378,0,
6962963,0,
6963005,0,
6963340,0,
6963692,0,
6964290,0,
6965512,0,
6966578,0,
6967507,0,
6967540,0,
6968821,0,
6968872,0,
6968996,0,
6970230,0,
6971164,0,
6971997,0,
6972675,0,
6972900,0,
6973540,0,
6974600,0,
6974910,0,
6975860,0,
6975941,0,
6976050,0,
6976867,0,
6978258,0,
6978789,4.324790955,
6979750,0,
6980775,0,
6982174,0,
6982425,0,
6983022,0,
6983111,0,
6983553,0,
6983758,0,
6985149,0,
6985483,0,
6986021,0,
6986404,0,
6986455,0,
6987699,0,
6988059,0,
6990363,0,
6993737,0,
6993958,0,
6996353,0,
6997449,0,
6997775,0,
6999140,0,
6999239,0,
6999280,0,
6999697,0,
7000588,0,
7000774,0,
7000812,0,
7002424,0,
7003536,0,
7004052,0,
7004451,0,
7005571,0,
7005814,0,
7006144,0,
7007426,0,
7009712,0,
7009984,3.037286758,
7010710,0,
7011393,0,
7011407,0,
7012047,0,
7012756,0,
7013310,0,
7013485,0,
7013779,0,
7017260,0,
7017529,0,
7017901,0,
7018371,0,
7018673,0,
7019122,0,
7022166,0,
7022883,0,
7023677,0,
7024070,0,
7024185,0,
7024533,0,
7024576,0,
7024673,0,
7024967,0,
7025238,0,
7025378,0,
7025807,0,
7026560,0,
7026609,0,
7026730,0,
7028628,0,
7029330,0,
7031467,0,
7031548,0,
7032269,2.915063858,
7032293,0,
7032404,0,
7032536,0,
7033559,3.709661484,
7033753,0,
7034393,0,
7035608,0,
7035756,0,
7035764,0,
7035969,0,
7036647,0,
7037260,0,
7037295,0,
7037414,0,
7038194,0,
7038291,0,
7038810,0,
7039204,0,
7040032,0,
7040210,0,
7042736,0,
7043740,0,
7043791,0,
7044054,0,
7044062,0,
7044119,0,
7044313,0,
7044801,0,
7045395,0,
7045549,0,
7045760,0,
7046928,0,
7047193,0,
7047231,0,
7047401,0,
7047738,0,
7048157,0,
7049196,0,
7050488,0,
7051131,0,
7051506,0,
7051794,0,
7052359,0,
7053274,0,
7053339,0,
7053487,0,
7053622,0,
7053690,0,
7054092,0,
7054157,0,
7055196,0,
7055412,0,
7056320,0,
7056516,0,
7057296,0,
7057466,0,
7058136,0,
7058160,0,
7058829,0,
7059094,0,
7059272,0,
7059850,0,
7060041,0,
7060360,0,
7060505,0,
7062729,0,
7062737,3.927894592,
7063342,0,
7063423,0,
7063490,0,
7064250,0,
7064624,0,
7065060,0,
7065604,0,
7067240,0,
7067577,0,
7068700,0,
7068727,0,
7069545,0,
7072767,0,
7073062,0,
7073100,0,
7075936,0,
7076088,0,
7076185,0,
7076525,0,
7077017,0,
7077300,2.769456863,
7077645,0,
7080603,0,
7080875,0,
7081332,0,
7082231,0,
7083432,0,
7083564,0,
7083742,0,
7084480,0,
7086776,0,
7087047,0,
7087187,0,
7087551,0,
7088647,0,
7089317,0,
7090242,0,
7090307,0,
7090528,0,
7091290,0,
7095880,0,
7096771,0,
7097964,0,
7097980,0,
7098308,0,
7098693,0,
7098847,0,
7099193,0,
7099541,0,
7100221,0,
7100981,0,
7101716,0,
7102305,0,
7103174,0,
7103182,0,
7103743,0,
7104006,0,
7104227,0,
7105401,0,
7107633,0,
7107803,0,
7111037,0,
7111428,0,
7111975,0,
7112122,0,
7114206,0,
7114656,0,
7115407,0,
7116489,0,
7116551,0,
7116896,0,
7117914,0,
7117973,0,
7119100,0,
7119267,0,
7119445,0,
7119631,0,
7120427,0,
7120664,0,
7121334,0,
7121423,0,
7121431,0,
7121598,0,
7121806,0,
7122608,0,
7122683,0,
7123167,0,
7123426,0,
7123531,0,
7123817,0,
7123892,0,
7124120,0,
7124406,0,
7124767,0,
7125720,0,
7126182,0,
7126484,0,
7126670,0,
7127014,0,
7127316,0,
7127375,0,
7128541,0,
7128576,0,
7128649,0,
7128967,0,
7129130,0,
7129386,0,
7129793,0,
7130538,0,
7130767,0,
7130821,0,
7131976,2.628183365,
7132115,0,
7132310,0,
7132352,0,
7132441,0,
7132522,0,
7132646,0,
7134363,0,
7134614,0,
7135289,0,
7135378,0,
7135432,0,
7135602,0,
7135718,0,
7135980,0,
7137125,0,
7137303,0,
7138458,0,
7139420,0,
7139551,0,
7140169,0,
7140428,0,
7140525,0,
7140827,0,
7141980,0,
7142340,0,
7142498,0,
7142730,0,
7143257,0,
7143478,0,
7144636,0,
7146442,0,
7146574,0,
7146760,0,
7146787,0,
7147180,0,
7147198,0,
7147295,0,
7148313,0,
7148526,0,
7149697,0,
7149751,0,
7149867,0,
7150601,0,
7151047,0,
7151276,0,
7151438,0,
7151519,0,
7152868,0,
7152892,0,
7153180,0,
7153503,0,
7154895,0,
7154968,0,
7155042,0,
7156650,0,
7157088,0,
7158432,0,
7158483,0,
7158823,0,
7159170,0,
7159331,0,
7160364,0,
7160461,0,
7161476,2.701360703,
7162170,0,
7162510,0,
7162960,0,
7163177,0,
7163657,0,
7164882,0,
7164904,0,
7165188,1.783390045,
7165234,0,
7165498,0,
7166540,0,
7166923,0,
7169698,0,
7170017,0,
7171781,0,
7172435,0,
7173733,0,
7173903,5.279895783,
7174810,0,
7175124,0,
7175280,0,
7175493,0,
7175744,0,
7175850,0,
7176848,0,
7176872,0,
7176961,0,
7177674,3.032594681,
7177925,2.763168335,
7179758,0,
7180845,3.212856293,
7183976,0,
7183984,0,
7184387,0,
7184476,0,
7184824,0,
7185553,0,
7186762,0,
7187769,0,
7187912,0,
7188390,0,
7188528,0,
7188676,0,
7189230,0,
7192657,0,
7193238,3.391145706,
7193289,0,
7193386,0,
7194129,0,
7194480,0,
7196652,0,
7199767,0,
7200200,0,
7202377,0,
7202911,0,
7203829,0,
7204051,0,
7205074,0,
7205660,0,
7205813,0,
7205848,0,
7206127,0,
7206623,0,
7206852,0,
7208260,0,
7209959,0,
7213204,0,
7214286,0,
7214715,0,
7214758,0,
7215312,0,
7215738,3.801090241,
7215851,0,
7216700,0,
7216785,0,
7217528,0,
7218699,0,
7219520,0,
7220308,0,
7220642,0,
7221061,0,
7222807,0,
7223366,0,
7223650,0,
7223943,0,
7225318,0,
7225504,0,
7228287,0,
7230745,3.43237114,
7230753,0,
7232454,0,
7232470,0,
7232853,0,
7233493,0,
7234511,0,
7234635,0,
7235046,0,
7235518,0,
7235925,3.173458099,
7235941,0,
7236190,0,
7237421,0,
7237901,0,
7238452,0,
7239637,0,
7239670,0,
7239920,0,
7240260,0,
7241445,0,
7241550,0,
7241852,0,
7241860,0,
7241950,0,
7242042,0,
7242182,0,
7242239,0,
7242387,0,
7242603,0,
7242697,0,
7243014,0,
7243057,0,
7244096,0,
7244495,0,
7245386,0,
7245785,0,
7245963,0,
7245980,0,
7246846,0,
7247532,0,
7247664,0,
7247850,0,
7248016,0,
7248024,0,
7248113,0,
7248148,0,
7248695,0,
7249942,0,
7250380,0,
7250924,0,
7251025,0,
7251068,0,
7252552,0,
7253133,0,
7253842,0,
7254270,0,
7254946,0,
7255136,0,
7255403,0,
7255721,0,
7255829,0,
7256469,0,
7256590,0,
7257007,0,
7257082,0,
7257252,0,
7257350,0,
7259298,0,
7259638,0,
7260717,0,
7261179,0,
7261551,0,
7262159,0,
7262701,0,
7263872,0,
7263902,0,
7263937,0,
7263953,0,
7264399,0,
7264674,0,
7265140,0,
7265158,0,
7265174,0,
7265255,0,
7265662,0,
7265689,0,
7266715,0,
7266898,0,
7267150,0,
7267851,0,
7268050,0,
7268750,0,
7268998,0,
7269471,0,
7270232,0,
7270275,0,
7271050,0,
7275285,0,
7285841,0,
7290705,0,
7298528,0,
7309260,0,
7312563,0,
7314191,0,
7314779,0,
7319185,0,
7324456,0,
7326270,0,
7327560,0,
7327706,0,
7330790,0,
7341296,0,
7343841,0,
7345232,0,
7348789,0,
7356471,0,
7358253,0,
7365047,0,
7365195,4.141860962,
7381174,0,
7383312,0,
7386770,0,
7387245,0,
7392460,0,
7392478,0,
7399197,0,
7403909,0,
7406444,3.039268494,
7408161,0,
7417829,0,
7423187,0,
7433921,0,
7449810,0,
7453558,0,
7456093,0,
7456328,0,
7468148,0,
7468393,0,
7468431,0,
7469730,0,
7477040,0,
7484127,0,
7486316,0,
7491557,0,
7491778,0,
7505566,0,
7518528,0,
7518633,0,
7520670,0,
7523319,0,
7529449,0,
7531346,0,
7533675,0,
7534574,0,
7535805,0,
7536062,0,
7536151,0,
7536631,0,
7537760,0,
7538359,0,
7540124,3.683607101,
7540132,0,
7540922,0,
7541554,0,
7543158,0,
7543352,0,
7543360,0,
7543565,0,
7543751,0,
7543883,0,
7544308,0,
7545215,0,
7545940,0,
7545975,0,
7546025,0,
7547960,0,
7548150,0,
7548630,0,
7548893,0,
7549504,0,
7550120,0,
7550561,0,
7552378,0,
7553412,0,
7553463,0,
7553927,0,
7554036,0,
7554664,0,
7554737,0,
7555911,0,
7557248,0,
7557280,0,
7557434,0,
7560338,0,
7561490,0,
7562098,0,
7562667,0,
7562799,0,
7563167,0,
7563450,0,
7563515,0,
7563582,0,
7563779,0,
7565046,0,
7566042,0,
7566093,0,
7566344,0,
7567456,0,
7568061,0,
7568681,0,
7569637,0,
7570023,0,
7571534,0,
7572026,0,
7575190,0,
7575483,0,
7576170,0,
7577486,0,
7578164,0,
7578687,0,
7579012,0,
7581866,0,
7583737,0,
7583753,0,
7591640,0,
7594950,0,
7596324,0,
7596464,0,
7596545,0,
7596715,0,
7597185,0,
7597355,0,
7597533,0,
7599250,0,
7603266,0,
7604190,0,
7614799,0,
7617623,0,
7622210,0,
7622740,0,
7625251,2.63476181,
7625537,3.43237114,
7627793,0,
7628862,0,
7629141,0,
7629419,0,
7631235,0,
7632061,0,
7632827,0,
7633211,0,
7633530,0,
7635753,0,
7636989,0,
7638531,0,
7639740,0,
7641079,3.117948532,
7644345,0,
7647832,0,
7651260,0,
7657293,0,
7657935,0,
7658486,0,
7659148,0,
7659180,0,
7665016,0,
7665024,0,
7665105,0,
7668325,0,
7675216,0,
7680333,0,
7682298,0,
7684690,0,
7685785,0,
7685920,0,
7688822,0,
7689276,0,
7689624,0,
7692668,0,
7694202,0,
7695390,0,
7696825,0,
7699310,0,
7700334,0,
7703104,0,
7703198,0,
7707509,0,
7715315,3.929861069,
7722117,0,
7723962,0,
7724187,0,
7724314,0,
7724993,0,
7726252,0,
7726384,0,
7727054,0,
7736673,0,
7738692,0,
7744331,0,
7745281,0,
7745818,0,
7748930,0,
7749988,0,
7751672,0,
7752768,0,
7753241,0,
7753330,0,
7756585,0,
7759681,0,
7762054,2.38876152,
7762755,0,
7765185,0,
7767200,0,
7767439,0,
7767765,0,
7768095,0,
7769300,0,
7769768,2.191652298,
7777329,0,
7779488,0,
7779763,0,
7780664,0,
7781865,0,
7784724,0,
7784759,0,
7786913,0,
7787030,0,
7787782,0,
7788886,0,
7789998,0,
7791143,0,
7791542,0,
7794258,0,
7798814,0,
7799314,0,
7801360,0,
7804784,0,
7804946,0,
7805470,0,
7807619,0,
7811918,0,
7812817,0,
7814747,0,
7815166,0,
7816723,0,
7817347,0,
7817800,0,
7820160,0,
7829701,0,
7836856,0,
7842899,0,
7844158,0,
7847645,0,
7849923,0,
7851278,0,
7854773,0,
7862245,0,
7864876,0,
7867883,0,
7871031,0,
7871350,0,
7874634,0,
7879210,0,
7880316,0,
7880855,0,
7883773,0,
7885881,0,
7891407,0,
7895666,0,
7898320,0,
7902069,0,
7902638,0,
7903685,0,
7904312,4.168247223,
7905300,0,
7907583,0,
7909411,0,
7919417,0,
7926588,3.628065109,
7927584,0,
7928157,0,
7928483,0,
7928505,0,
7928785,0,
7929536,0,
7930585,0,
7930895,0,
7931212,0,
7931816,0,
7932316,0,
7932405,0,
7932642,0,
7932790,0,
7933827,0,
7933959,0,
7934203,0,
7934521,0,
7934807,0,
7934912,0,
7936125,0,
7936141,0,
7936818,0,
7936915,0,
7937113,0,
7937164,0,
7937750,0,
7937776,0,
7938470,0,
7939124,0,
7939361,0,
7939647,0,
7940084,0,
7940467,0,
7940890,0,
7941528,0,
7942583,4.108409882,
7942664,0,
7942834,0,
7943121,0,
7943130,0,
7944241,0,
7944373,0,
7944950,0,
7945019,0,
7945051,0,
7945124,0,
7945230,0,
7945892,0,
7946040,0,
7946775,0,
7947712,0,
7948182,0,
7948263,0,
7948328,0,
7948891,0,
7949790,0,
7951019,0,
7952384,0,
7952775,0,
7953003,0,
7953151,0,
7953429,0,
7953704,0,
7954115,0,
7955243,0,
7955332,0,
7955480,0,
7955626,0,
7955820,0,
7956061,0,
7956479,0,
7956754,0,
7957092,0,
7957793,0,
7957858,0,
7958021,0,
7958153,0,
7958250,0,
7959265,0,
7960433,0,
7960654,0,
7960697,0,
7961146,0,
7961189,0,
7962258,0,
7962363,0,
7962479,0,
7962932,0,
7963416,0,
7963912,0,
7964307,0,
7965060,0,
7965095,0,
7965141,0,
7965338,0,
7965370,0,
7965931,0,
7966016,0,
7966350,0,
7966857,0,
7966970,0,
7967624,0,
7967691,0,
7968914,0,
7968949,0,
7969112,0,
7969139,0,
7969201,0,
7969570,0,
7970803,0,
7971150,0,
7971664,0,
7971702,0,
7971710,0,
7972032,0,
7972598,0,
7972628,0,
7972750,3.25037384,
7973349,0,
7973454,0,
7974159,0,
7974299,0,
7974345,0,
7974906,0,
7975228,0,
7975368,0,
7975783,0,
7976364,0,
7976380,0,
7976488,0,
7976810,0,
7977417,0,
7977808,0,
7978391,0,
7978634,0,
7979428,0,
7979630,0,
7979649,0,
7979800,0,
7979959,0,
7980116,0,
7980264,0,
7980990,0,
7982801,0,
7983824,0,
7983832,0,
7984138,0,
7984618,0,
7985479,0,
7987773,0,
7989717,0,
7990251,0,
7991126,0,
7991177,0,
7991606,0,
7991690,0,
7992491,0,
7993064,0,
7995083,3.286533356,
7997272,0,
7998031,0,
7998252,0,
8000107,0,
8000603,0,
8000620,0,
8000891,0,
8002258,0,
8003513,0,
8003530,0,
8004927,0,
8005664,0,
8006091,0,
8006261,0,
8008949,0,
8009732,0,
8012032,0,
8012334,0,
8012580,0,
8013314,0,
8013691,0,
8015236,0,
8015252,0,
8015538,0,
8016305,0,
8016348,0,
8016500,0,
8017441,0,
8017980,0,
8022011,0,
8024162,0,
8025134,0,
8027765,0,
8028044,0,
8029105,0,
8030030,0,
8031924,0,
8032190,0,
8032939,2.346601486,
8034036,4.595119476,
8035385,0,
8036810,0,
8037132,0,
8037795,0,
8037841,3.579341888,
8037949,0,
8038414,0,
8038988,0,
8040680,0,
8040850,0,
8041768,0,
8042365,0,
8042578,0,
8043000,2.631887436,
8050074,0,
8050198,0,
8050694,0,
8051291,0,
8051518,0,
8052301,0,
8053359,0,
8054274,0,
8054355,0,
8054452,0,
8054509,0,
8054690,0,
8054754,0,
8054975,0,
8055491,0,
8055602,0,
8055726,0,
8055831,0,
8055866,0,
8056455,0,
8056528,0,
8056641,0,
8057060,0,
8057354,0,
8057567,0,
8057672,0,
8058156,0,
8058555,0,
8059985,0,
8060193,0,
8060916,0,
8061157,0,
8061181,0,
8061866,0,
8062021,0,
8062340,0,
8063656,0,
8064040,0,
8064270,0,
8064504,0,
8064709,0,
8065241,0,
8065500,0,
8065772,0,
8066205,0,
8066302,0,
8066370,0,
8066841,0,
8066981,0,
8067112,0,
8067236,0,
8067481,0,
8067660,0,
8067740,0,
8067813,0,
8067953,0,
8068690,0,
8068798,0,
8069131,0,
8069611,0,
8069700,0,
8070296,0,
8070415,0,
8071322,0,
8071527,0,
8071900,0,
8072388,0,
8073597,4.517959595,
8074267,0,
8074739,0,
8074801,0,
8075115,0,
8075220,0,
8075271,0,
8075433,0,
8075840,0,
8076286,0,
8076332,0,
8076561,3.039268494,
8077630,0,
8077789,0,
8077827,0,
8078173,0,
8078653,0,
8078912,0,
8079013,0,
8080291,0,
8080364,0,
8081794,0,
8082081,0,
8083177,0,
8083789,0,
8084335,0,
8084831,0,
8085196,0,
8085390,0,
8085587,0,
8086060,0,
8087040,0,
8087261,0,
8087890,0,
8087920,0,
8088446,0,
8088462,0,
8089400,0,
8089973,0,
8090696,0,
8091188,0,
8091250,0,
8094519,0,
8094624,0,
8095272,0,
8095922,0,
8097011,0,
8097020,0,
8098190,0,
8098301,0,
8098417,0,
8098875,0,
8099014,0,
8099308,0,
8099693,0,
8100497,0,
8101256,0,
8101582,0,
8102007,0,
8102570,0,
8105626,0,
8106460,0,
8106649,0,
8107408,0,
8107785,0,
8107793,0,
8108307,0,
8108455,0,
8109516,0,
8110506,0,
8110719,0,
8111146,0,
8111430,0,
8111456,0,
8111480,0,
8111812,0,
8111871,0,
8112401,3.620330811,
8113319,3.930843353,
8113580,0,
8114021,0,
8114048,0,
8115206,0,
8115583,0,
8115664,0,
8117659,0,
8119058,0,
8119171,0,
8120293,0,
8120471,0,
8120706,0,
8120994,0,
8121150,0,
8121710,0,
8125260,0,
8125562,0,
8126666,0,
8128081,0,
8128154,0,
8128200,0,
8128499,3.704998016,
8129100,0,
8130507,0,
8133190,0,
8133697,0,
8134227,0,
8135665,0,
8136890,0,
8137951,0,
8138877,0,
8139105,0,
8139334,0,
8139750,0,
8140316,0,
8140499,0,
8140898,0,
8141339,0,
8141495,0,
8141657,0,
8142700,0,
8142904,0,
8145822,0,
8145938,0,
8146527,0,
8146667,0,
8146985,0,
8147175,0,
8147671,3.069948196,
8147787,0,
8148104,0,
8148210,0,
8149542,0,
8149909,0,
8150079,0,
8150141,0,
8150885,0,
8153493,0,
8153841,0,
8153868,0,
8154767,0,
8154783,0,
8155801,0,
8156000,0,
8156352,0,
8156387,0,
8156395,0,
8156620,0,
8156689,0,
8157030,0,
8157502,0,
8157650,0,
8158525,0,
8160422,0,
8161747,0,
8161860,0,
8163200,0,
8164592,0,
8165262,0,
8167230,0,
8167443,0,
8168121,0,
8168792,0,
8168822,0,
8170010,0,
8170878,0,
8171491,0,
8172455,0,
8174318,0,
8175594,0,
8175632,0,
8176132,0,
8176876,0,
8176906,0,
8177082,0,
8177210,0,
8178038,0,
8179115,0,
8179670,0,
8180601,2.191652298,
8181330,3.039747238,
8181349,0,
8181519,0,
8181535,0,
8181721,1.93874073,
8182124,0,
8182213,0,
8182477,0,
8182728,0,
8183414,0,
8183600,0,
8183872,0,
8184070,0,
8184526,0,
8184895,0,
8186170,0,
8186340,3.753728867,
8187606,0,
8187746,0,
8188106,0,
8188858,0,
8189315,0,
8190046,0,
8190500,0,
8190771,0,
8190925,0,
8190941,0,
8190992,0,
8191409,0,
8192332,0,
8192766,0,
8193177,0,
8193967,0,
8194092,0,
8194777,3.396183014,
8194785,0,
8195870,0,
8195919,0,
8196265,0,
8196273,0,
8196370,0,
8196494,0,
8196770,0,
8197024,0,
8197075,0,
8197113,0,
8197229,0,
8198098,0,
8198101,0,
8198314,0,
8198810,0,
8199485,0,
8199566,0,
8199701,0,
8200858,0,
8201510,0,
8201854,0,
8202923,0,
8202940,0,
8202982,0,
8203369,0,
8203440,0,
8203776,0,
8203962,0,
8204470,0,
8205817,0,
8206074,0,
8206295,0,
8206350,0,
8206597,3.898937225,
8206651,0,
8206791,0,
8207461,0,
8207917,0,
8208522,0,
8208620,0,
8208964,0,
8209227,0,
8209626,0,
8209634,0,
8209723,0,
8210187,0,
8210764,0,
8210861,0,
8211426,0,
8211787,0,
8211850,0,
8212473,0,
8212562,0,
8212732,0,
8212856,0,
8213356,0,
8213585,0,
8213690,0,
8213895,0,
8214000,0,
8216460,0,
8216592,0,
8217114,0,
8217238,0,
8217467,0,
8217505,0,
8217700,0,
8217785,0,
8217912,0,
8218498,0,
8219230,0,
8219435,0,
8219516,0,
8219885,0,
8220140,0,
8220255,0,
8220590,0,
8220735,0,
8220867,0,
8221057,0,
8221243,0,
8221782,0,
8221944,0,
8222282,0,
8222355,0,
8222533,0,
8223530,0,
8223971,0,
8224188,0,
8224943,0,
8225206,0,
8225494,0,
8225710,0,
8225818,0,
8226288,0,
8226636,0,
8226741,0,
8227071,0,
8227179,0,
8227748,0,
8227756,0,
8228027,0,
8228434,0,
8228744,0,
8228779,0,
8230676,0,
8231559,0,
8231591,0,
8231753,0,
8231974,0,
8232164,0,
8232440,0,
8232610,0,
8233420,0,
8233764,0,
8234264,0,
8234370,0,
8234582,0,
8234698,0,
8234795,0,
8234809,0,
8235007,0,
8235287,0,
8235856,0,
8236216,0,
8236364,0,
8236658,0,
8236895,0,
8236909,0,
8236992,0,
8237000,0,
8237026,0,
8237328,0,
8237565,0,
8238308,0,
8254664,0,
8257558,0,
8258511,0,
8259895,3.128950119,
8265720,0,
8267324,0,
8270783,0,
8271623,0,
8272816,0,
8272867,0,
8273073,0,
8273260,0,
8274061,0,
8274576,0,
8274622,0,
8274703,3.430755615,
8274770,0,
8275343,0,
8276439,2.766317368,
8276862,0,
8276994,0,
8277028,0,
8284342,0,
8324174,0,
8325219,0,
8333360,0,
8335974,0,
8336792,0,
8338108,0,
8345210,0,
8348545,0,
8356637,0,
8367795,0,
8368325,0,
8369003,0,
8370559,0,
8370729,0,
8370931,0,
8371377,0,
8371563,0,
8371580,0,
8372071,0,
8376670,0,
8378495,0,
8379297,0,
8382662,0,
8393001,0,
8397244,0,
8399107,0,
8403694,0,
8418039,0,
8426899,0,
8433100,0,
8435677,0,
8439133,0,
8440107,0,
8443602,0,
8446091,0,
8452911,0,
8454272,0,
8458812,0,
8480184,0,
8486336,0,
8487901,0,
8498512,0,
8499462,4.632686615,
8500630,0,
8508461,0,
8510415,0,
8511098,0,
8519366,0,
8521140,0,
8529477,0,
8532648,0,
8577510,0,
8577730,0,
8577862,0,
8581819,0,
8595380,0,
8602140,0,
8602506,0,
8619450,0,
8627100,0,
8627126,0,
8630720,0,
8639779,0,
8650934,0,
8651086,0,
8651450,0,
8651701,0,
8652643,0,
8653607,0,
8653909,0,
8654190,0,
8654247,0,
8654689,0,
8655340,0,
8656584,0,
8656991,0,
8658544,0,
8658889,0,
8659397,0,
8660573,0,
8660654,0,
8661120,0,
8661782,0,
8661987,0,
8662436,0,
8662592,0,
8662975,0,
8663475,0,
8663629,0,
8664293,2.191652298,
8665010,0,
8665168,0,
8665877,0,
8666202,0,
8666601,0,
8666822,0,
8668329,0,
8668353,0,
8669759,0,
8670064,0,
8670609,0,
8671850,0,
8674450,0,
8674469,0,
8674868,0,
8674973,0,
8676453,0,
8677492,0,
8677905,0,
8678294,0,
8679037,0,
8679835,0,
8680043,0,
8680574,0,
8681376,0,
8681724,0,
8681767,0,
8682348,0,
8682518,0,
8682593,0,
8683018,0,
8683042,0,
8683557,0,
8683760,0,
8683875,0,
8684235,0,
8684553,0,
8685126,0,
8685886,0,
8685940,0,
8686254,0,
8686750,0,
8687200,0,
8688338,0,
8688516,0,
8688559,0,
8688613,0,
8688907,0,
8689270,0,
8689482,0,
8690847,0,
8690855,3.686374664,
8691819,0,
8692297,0,
8693277,0,
8693471,0,
8693862,3.25037384,
8695261,0,
8695687,0,
8696012,0,
8696675,0,
8697132,0,
8697272,0,
8697310,0,
8697426,0,
8699690,0,
8699739,0,
8700001,0,
8700141,0,
8700842,0,
8700990,0,
8701059,0,
8702225,0,
8703060,0,
8703655,0,
8704724,0,
8704732,0,
8705097,0,
8705348,0,
8705356,0,
8705534,0,
8705640,0,
8706212,0,
8706379,0,
8706867,0,
8707707,0,
8708827,0,
8709319,0,
8710040,0,
8710481,0,
8711844,0,
8712530,0,
8713391,0,
8713626,0,
8713804,0,
8714045,0,
8714959,0,
8715130,0,
8715297,0,
8715718,0,
8715726,0,
8716080,0,
8716196,0,
8716684,0,
8716820,0,
8716978,0,
8717230,0,
8717320,3.9269104,
8718369,0,
8718555,0,
8718644,2.190534592,
8719314,0,
8719578,0,
8719608,0,
8719730,0,
8720843,0,
8720894,0,
8720940,0,
8720967,0,
8721092,2.521718979,
8721432,0,
8721661,0,
8722293,0,
8722374,0,
8722382,0,
8722706,0,
8722994,0,
8723508,0,
8723575,0,
8723621,0,
8723656,3.037351608,
8723770,0,
8724237,0,
8724350,0,
8724970,0,
8725284,0,
8726540,3.120159149,
8727678,0,
8728119,0,
8728127,0,
8728550,0,
8728801,0,
8728887,0,
8729123,2.939161301,
8729190,0,
8729271,0,
8729387,0,
8730083,0,
8730369,0,
8730415,0,
8730601,0,
8730970,0,
8731012,0,
8731020,0,
8731438,0,
8731535,0,
8731845,0,
8731942,0,
8732574,0,
8732930,0,
8733023,0,
8733066,0,
8733082,0,
8733104,0,
8733848,0,
8734291,0,
8734399,0,
8734429,0,
8734470,0,
8736359,0,
8736758,0,
8737061,0,
8737134,0,
8737398,0,
8737495,0,
8737665,0,
8737690,0,
8738190,0,
8738270,3.775054932,
8738602,0,
8738653,0,
8738866,0,
8739080,0,
8739374,0,
8740305,0,
8740755,0,
8741565,0,
8741590,0,
8741670,0,
8741905,0,
8742103,0,
8742227,0,
8742545,0,
8743606,0,
8743690,0,
8743711,0,
8743800,4.022666931,
8743916,0,
8743975,0,
8744599,0,
8744637,0,
8744645,0,
8744939,0,
8744971,0,
8744980,0,
8745048,2.186050415,
8745137,0,
8745706,0,
8746044,0,
8746400,0,
8746486,0,
8746745,0,
8746788,0,
8746826,0,
8747555,0,
8747849,0,
8748292,0,
8748411,0,
8748462,0,
8748497,0,
8748683,0,
8748942,0,
8749787,0,
8749876,0,
8749981,0,
8751471,4.01997757,
8751552,0,
8752397,4.326377869,
8752915,0,
8753091,0,
8753130,0,
8753393,0,
8753512,0,
8753903,0,
8755272,0,
8755299,0,
8755574,0,
8755841,0,
8756279,0,
8756333,0,
8756384,0,
8756589,0,
8757534,0,
8757569,0,
8757755,0,
8757860,0,
8758360,0,
8758948,0,
8759073,0,
8760101,0,
8761345,0,
8761477,0,
8761540,0,
8761779,0,
8762066,0,
8762481,0,
8762589,0,
8762716,0,
8763194,0,
8763860,0,
8764425,0,
8764611,0,
8765022,0,
8765227,0,
8765995,0,
8766622,0,
8766860,0,
8768390,0,
8769001,0,
8770565,0,
8770840,0,
8770972,0,
8771103,0,
8771340,0,
8772045,0,
8772126,0,
8772525,0,
8773653,0,
8773882,0,
8774684,0,
8774781,0,
8774994,0,
8775052,0,
8775095,0,
8783012,0,
8783713,0,
8785147,0,
8785511,0,
8787492,0,
8788200,0,
8788421,0,
8788545,0,
8790876,0,
8791040,0,
8791228,0,
8791546,0,
8791937,0,
8792135,0,
8794391,0,
8796998,0,
8797030,0,
8799369,0,
8800553,0,
8801487,2.013566971,
8801690,0,
8801738,0,
8802106,0,
8802823,0,
8803706,0,
8805105,0,
8808953,0,
8809020,2.631887436,
8811210,0,
8813701,0,
8816735,0,
8816786,0,
8817006,0,
8817537,5.085121155,
8817880,0,
8819378,2.884799957,
8821208,0,
8821577,0,
8821615,0,
8821623,0,
8822166,0,
8822859,0,
8823960,0,
8825750,0,
8826811,0,
8829187,0,
8830126,0,
8831319,0,
8833222,0,
8834008,0,
8834245,3.039747238,
8835918,0,
8837880,0,
8838739,0,
8838798,0,
8839387,0,
8840652,0,
8844275,0,
8846731,0,
8848521,0,
8848971,0,
8849323,0,
8849862,0,
8850321,0,
8850828,0,
8852219,0,
8853177,1.783390045,
8853380,3.039747238,
8855307,0,
8856320,0,
8858160,0,
8859248,2.393339157,
8861358,0,
8863520,0,
8865248,0,
8867950,0,
8869472,0,
8870918,0,
8871159,3.550764084,
8872538,0,
8872694,3.925924301,
8876258,0,
8880158,0,
8880360,0,
8881480,0,
8884692,0,
8886989,0,
8888361,0,
8893594,0,
8893632,0,
8894027,0,
8895244,0,
8898189,0,
8902305,0,
8904286,0,
8904383,0,
8904634,0,
8905045,0,
8908770,0,
8912939,0,
8915539,0,
8915709,0,
8923140,0,
8925216,0,
8931917,0,
8932875,0,
8933030,0,
8935360,0,
8937087,0,
8937400,0,
8939977,0,
8944229,0,
8945950,0,
8945985,0,
8947520,2.351373673,
8950822,0,
8954224,0,
8954321,0,
8966559,0,
8966842,0,
8966982,0,
8967377,0,
8968454,0,
8981540,0,
8986410,0,
8990263,0,
8992851,0,
8997438,0,
9002227,0,
9007032,0,
9010580,0,
9015310,0,
9016392,0,
9021604,0,
9028820,2.766317368,
9032886,2.769456863,
9036180,0,
9036199,0,
9036377,0,
9040307,0,
9041842,0,
9054260,0,
9054286,0,
9054790,0,
9056424,0,
9059920,0,
9060146,0,
9060588,0,
9061371,0,
9062912,0,
9063773,0,
9064656,0,
9065164,0,
9065300,3.587675095,
9066144,0,
9067582,0,
9068538,0,
9069062,0,
9071512,0,
9074830,0,
9076344,0,
9076484,0,
9078657,0,
9079190,0,
9081097,0,
9081909,0,
9082344,0,
9084541,3.039747238,
9084940,3.845882416,
9084983,0,
9087095,0,
9087486,0,
9087575,0,
9090444,0,
9090967,0,
9091874,0,
9094075,0,
9096710,0,
9101403,0,
9102230,0,
9105905,0,
9113690,0,
9114297,0,
9115420,0,
9115560,0,
9115609,0,
9118594,0,
9119337,0,
9120777,0,
9122400,0,
9123350,3.256170273,
9124756,0,
9126732,0,
9130489,0,
9130616,0,
9131060,0,
9131930,0,
9133810,0,
9135430,0,
9138382,0,
9141081,0,
9143858,0,
9148493,0,
9153322,0,
9153373,0,
9153535,0,
9154540,0,
9155074,0,
9159819,0,
9160299,0,
9162356,0,
9167072,0,
9167382,0,
9169652,0,
9173544,0,
9174044,0,
9175911,0,
9176411,0,
9178368,0,
9179216,0,
9183698,0,
9184902,0,
9185593,0,
9187502,3.521347046,
9196935,0,
9197117,0,
9199497,0,
9200070,0,
9209387,0,
9211233,0,
9211497,3.476612091,
9213473,0,
9218556,0,
9219439,0,
9226443,0,
9228918,0,
9229043,0,
9231579,0,
9231960,0,
9232737,0,
9240101,0,
9241531,0,
9242694,0,
9244913,2.598234177,
9247092,0,
9251529,0,
9254749,3.363147736,
9255613,0,
9257411,0,
9261826,0,
9263942,0,
9268677,0,
9269851,0,
9273204,0,
9274871,0,
9278079,0,
9280774,0,
9283579,0,
9292993,0,
9295755,0,
9296611,0,
9299726,0,
9315535,0,
9315969,0,
9316183,0,
9317058,0,
9317570,0,
9317732,0,
9317864,0,
9318461,0,
9318518,0,
9319298,0,
9323821,0,
9326553,0,
9337750,0,
9347976,0,
9354131,0,
9358323,3.327907562,
9358749,0,
9365141,0,
9369139,0,
9373586,0,
9387781,3.041181564,
9389970,0,
9392033,0,
9407030,0,
9423974,0,
9432221,0,
9437762,0,
9438734,0,
9443860,0,
9448608,0,
9461710,0,
9465634,0,
9467815,0,
9476750,0,
9478345,2.939161301,
9481893,0,
9485511,0,
9491953,0,
9495169,0,
9508465,0,
9520287,0,
9529969,0,
9530460,0,
9532170,0,
9535209,0,
9538224,0,
9538267,0,
9541594,0,
9561102,0,
9564209,0,
9580867,0,
9581960,0,
9599100,0,
9614567,0,
9618813,0,
9620427,0,
9633456,0,
9636463,0,
9665803,0,
9681086,0,
9682767,0,
9683550,0,
9687572,0,
9690662,0,
9723226,0,
9747982,0,
9761063,0,
9774173,0,
9780025,0,
9780408,0,
9783059,0,
9783962,0,
9801952,0,
9805206,0,
9805761,0,
9806059,0,
9806385,0,
9806458,0,
9806555,0,
9806571,0,
9806636,0,
9807314,0,
9808558,0,
9808850,0,
9810188,0,
9810781,0,
9811494,0,
9811834,0,
9813160,0,
9813551,0,
9813756,0,
9813888,0,
9814230,0,
9814396,0,
9814612,0,
9815015,0,
9815210,0,
9815309,0,
9818499,0,
9818502,0,
9818545,0,
9820370,0,
9820736,0,
9821449,0,
9821520,0,
9822437,0,
9822682,0,
9823131,0,
9824111,0,
9824987,0,
9825274,0,
9825509,0,
9826602,0,
9827200,0,
9827935,0,
9828478,0,
9829130,0,
9829504,0,
9830332,0,
9833960,0,
9834478,0,
9835474,0,
9836403,0,
9836446,0,
9837981,0,
9838988,0,
9839119,0,
9839186,0,
9840184,0,
9840842,0,
9842098,0,
9842233,0,
9846271,0,
9862633,0,
9866329,0,
9870938,3.43237114,
9876243,0,
9876715,0,
9879811,0,
9881280,0,
9885706,0,
9888810,0,
9889655,0,
9893750,0,
9908137,0,
9914897,0,
9915036,0,
9924132,0,
9942017,0,
9942467,0,
9943226,0,
9951474,0,
9952837,0,
9953426,0,
9963979,0,
9964371,0,
9965572,0,
9967150,0,
9967192,4.139953613,
9967958,0,
9971866,0,
9972471,0,
9972811,0,
9973028,0,
9973532,0,
9974245,0,
9975683,0,
9976370,0,
9977805,0,
9978208,0,
9978984,0,
9979298,0,
9980636,0,
9983236,0,
9983414,0,
9983473,0,
9984380,0,
9985298,0,
9985530,0,
9987770,0,
9988467,0,
9991158,0,
9991336,0,
9993584,4.114963532,
9993681,0,
9993991,0,
10003908,4.092674255,
10013229,0,
10019677,0,
10031715,0,
10034536,0,
10036504,0,
10037004,0,
10043462,0,
10052615,0,
10054944,0,
10055517,0,
10056025,0,
10059857,3.45442009,
10064320,0,
10074317,0,
10076174,0,
10078622,0,
10080864,0,
10082077,0,
10087648,0,
10090525,3.128511429,
10096183,0,
10099611,0,
10105174,0,
10110011,0,
10110313,0,
10111603,0,
10113096,0,
10116486,0,
10117954,0,
10118608,0,
10120815,0,
10121161,0,
10123105,0,
10124403,0,
10129014,0,
10132970,0,
10138730,0,
10138846,0,
10138986,0,
10141529,0,
10143254,0,
10145052,0,
10148922,0,
10149171,0,
10154884,0,
10158405,0,
10166963,0,
10168230,0,
10169792,0,
10170375,0,
10171673,0,
10172610,0,
10178279,4.074989319,
10179607,0,
10180354,0,
10182942,0,
10183329,0,
10183531,0,
10185070,0,
10186409,0,
10186972,0,
10190813,0,
10193782,0,
10195017,0,
10197001,0,
10197427,0,
10204458,0,
10207112,0,
10207201,0,
10209379,2.882001877,
10211802,0,
10212124,0,
10216375,0,
10219382,0,
10221670,0,
10221921,0,
10224858,0,
10226125,0,
10226370,0,
10227008,0,
10228217,0,
10238204,0,
10238530,0,
10239740,0,
10257381,0,
10258370,0,
10258949,0,
10259473,0,
10263403,0,
10264361,2.3969841,
10267999,0,
10268901,0,
10269150,0,
10269550,0,
10276351,0,
10279938,0,
10286993,0,
10287167,0,
10287175,0,
10296484,3.214866638,
10303480,0,
10303812,0,
10309640,0,
10311858,0,
10313095,0,
10314903,0,
10314997,0,
10315551,0,
10316426,0,
10317406,0,
10318887,4.650619507,
10320067,0,
10321110,0,
10321691,0,
10323678,0,
10326910,0,
10329056,0,
10330917,0,
10332162,0,
10334475,0,
10335978,0,
10338985,3.326831818,
10340076,0,
10340157,0,
10340300,0,
10340831,0,
10341641,0,
10342010,5.354694367,
10345507,0,
10346120,0,
10346201,0,
10347178,0,
10347305,3.252309799,
10348557,2.393339157,
10354425,0,
10355685,0,
10356959,0,
10357629,0,
10358455,0,
10358722,0,
10361618,0,
10361685,0,
10364390,0,
10368728,3.606853485,
10373276,0,
10375414,0,
10377123,0,
10380078,3.536310196,
10380396,0,
10381856,0,
10388508,0,
10389911,3.658418655,
10390367,0,
10390707,4.175918579,
10397159,0,
10398309,0,
10398716,0,
10400761,0,
10401130,0,
10401199,0,
10402926,0,
10405496,0,
10405585,0,
10409440,0,
10410694,4.079059601,
10411119,0,
10414096,0,
10414401,0,
10415505,0,
10416242,0,
10419616,0,
10422129,0,
10424520,0,
10426310,4.43069458,
10431799,0,
10432833,0,
10433864,0,
10436014,0,
10436120,0,
10438467,0,
10438610,0,
10438637,0,
10441581,0,
10443037,0,
10443207,0,
10445870,0,
10448373,0,
10453601,0,
10453857,0,
10454071,0,
10456228,0,
10456376,0,
10458387,0,
10458417,0,
10458620,0,
10460403,0,
10461345,0,
10462830,0,
10462856,0,
10463658,0,
10464603,0,
10465987,0,
10466401,0,
10466525,0,
10466576,0,
10468145,0,
10474234,0,
10474447,0,
10476130,0,
10476954,0,
10478671,0,
10478744,0,
10480161,0,
10484671,0,
10485643,0,
10489860,0,
10491864,0,
10496009,0,
10496505,0,
10498788,0,
10503013,0,
10503790,0,
10503986,0,
10504249,0,
10504362,0,
10504419,0,
10505202,0,
10507086,0,
10507590,0,
10509070,0,
10510125,3.254241943,
10515097,0,
10515631,1.783390045,
10516905,0,
10520058,0,
10520767,0,
10521151,0,
10521305,0,
10521453,0,
10521780,0,
10522328,0,
10526498,0,
10526650,3.857564926,
10530142,0,
10531572,0,
10531947,0,
10533354,0,
10534873,0,
10536302,0,
10539239,0,
10539263,0,
10539360,0,
10542078,0,
10545336,0,
10545646,0,
10545751,0,
10547908,0,
10550178,0,
10551239,3.893857956,
10556281,0,
10561234,0,
10566619,0,
10568727,0,
10572180,0,
10573941,3.579341888,
10576959,0,
10578692,0,
10582037,0,
10584110,0,
10585974,0,
10586741,0,
10590471,0,
10594124,0,
10598430,0,
10598685,0,
10603077,0,
10609326,0,
10610987,0,
10611827,0,
10612416,0,
10616047,0,
10616586,0,
10617337,0,
10618031,0,
10625461,0,
10626190,0,
10629343,0,
10637788,0,
10639420,0,
10639772,0,
10640444,0,
10641491,0,
10644180,0,
10644296,0,
10646680,0,
10647112,0,
10648577,0,
10649840,0,
10652060,0,
10655310,0,
10656286,0,
10656324,0,
10656626,0,
10659951,0,
10661271,0,
10664157,0,
10664742,0,
10668543,0,
10670661,0,
10671510,0,
10672052,0,
10673105,0,
10673490,0,
10675434,0,
10675698,0,
10675841,0,
10676171,0,
10677119,0,
10677658,0,
10677933,0,
10679340,4.277359009,
10682198,0,
10683011,0,
10684301,0,
10685383,0,
10688439,0,
10693050,0,
10700609,0,
10705678,0,
10707735,0,
10709711,0,
10710019,0,
10711120,0,
10715088,0,
10718729,0,
10718869,0,
10723161,0,
10726543,0,
10732705,0,
10736875,0,
10739866,0,
10741429,0,
10742573,0,
10744754,0,
10745572,0,
10750487,2.393339157,
10751343,0,
10754385,0,
10756191,0,
10759557,0,
10759654,0,
10761560,0,
10761691,0,
10766677,0,
10773878,0,
10777644,0,
10777954,0,
10782290,0,
10795219,0,
10795472,0,
10795553,0,
10796312,0,
10799478,0,
10800239,0,
10800590,0,
10806610,0,
10806644,0,
10806660,3.346387863,
10808663,0,
10809589,0,
10809783,0,
10810145,0,
10813870,0,
10817077,0,
10821287,0,
10824081,0,
10825002,0,
10827129,0,
10830766,0,
10837272,0,
10837507,0,
10839232,0,
10843825,0,
10844260,0,
10846921,0,
10848096,0,
10852310,0,
10852476,0,
10855262,0,
10858113,0,
10865772,0,
10872981,0,
10876499,0,
10879544,0,
10879935,0,
10880232,0,
10884440,2.393339157,
10887512,0,
10889280,0,
10892958,0,
10895582,0,
10896430,0,
10896821,0,
10900306,0,
10901760,0,
10902562,2.670692444,
10908226,0,
10908609,0,
10911146,0,
10928987,0,
10930485,0,
10937757,0,
10941525,0,
10943196,0,
10947213,0,
10947574,0,
10951490,0,
10952640,0,
10954651,0,
10955380,0,
10959335,0,
10961810,0,
10967001,0,
10971777,0,
10979921,0,
10987630,0,
10998608,0,
11004827,0,
11018461,0,
11032278,0,
11041684,0,
11043547,0,
11060964,0,
11064030,0,
11065249,0,
11065826,0,
11075953,0,
11077689,0,
11094150,0,
11096985,0,
11103744,0,
11105682,0,
11113448,0,
11121084,2.393339157,
11123621,2.393339157,
11124733,0,
11129085,0,
11131101,0,
11131373,0,
11137991,0,
11141840,0,
11150386,3.30871582,
11159260,0,
11166860,0,
11172622,0,
11177900,0,
11177934,0,
11185023,0,
11192631,3.461349487,
11193913,0,
11202785,0,
11210206,0,
11214252,0,
11225645,0,
11237368,0,
11240296,0,
11242248,0,
11252421,0,
11256281,0,
11258217,0,
11261552,0,
11262010,0,
11264071,0,
11266007,0,
11266791,0,
11267291,0,
11277114,0,
11279800,0,
11296950,0,
11297131,0,
11298251,0,
11303301,0,
11306637,0,
11308893,0,
11309288,0,
11314710,0,
11322403,3.039747238,
11339390,0,
11340363,0,
11341017,0,
11344873,0,
11345888,0,
11353015,0,
11353120,0,
11356316,0,
11361212,0,
11365544,0,
11371153,0,
11373903,0,
11376937,0,
11377410,0,
11378921,0,
11379375,0,
11384808,0,
11394439,0,
11404124,0,
11410892,0,
11412038,0,
11432780,0,
11435933,0,
11437219,0,
11438223,0,
11456817,0,
11464305,0,
11467185,0,
11468602,0,
11475188,0,
11481838,0,
11490276,0,
11498803,0,
11499990,0,
11515511,0,
11523484,0,
11531576,0,
11539151,0,
11550643,0,
11554916,0,
11566868,0,
11567546,0,
11568917,3.25037384,
11581000,0,
11588330,2.936511993,
11604034,0,
11614919,0,
11626488,0,
11638990,0,
11649500,0,
11651512,4.258441925,
11651547,0,
11658878,0,
11665831,0,
11667079,0,
11667508,0,
11671955,0,
11672897,0,
11679530,0,
11690402,2.393339157,
11698659,0,
11714310,0,
11718579,0,
11720921,0,
11721596,0,
11723220,0,
11723351,0,
11725958,0,
11726113,0,
11728400,0,
11731583,2.765687943,
11731869,0,
11738243,0,
11738855,0,
11739770,0,
11740051,0,
11741643,0,
11742011,0,
11745649,3.886703491,
11747609,0,
11752203,0,
11753277,0,
11753501,0,
11757663,0,
11758643,2.882001877,
11761431,0,
11762616,0,
11763710,0,
11765364,0,
11766590,0,
11767723,0,
11769319,0,
11769769,0,
11771240,0,
11782552,0,
11792167,0,
11795255,0,
11795492,0,
11797460,0,
11811757,3.252309799,
11812303,0,
11812346,0,
11813288,0,
11814284,2.631887436,
11829575,0,
11832410,3.979681015,
11835796,0,
11836075,0,
11843853,0,
11844655,2.938631058,
11845813,0,
11845929,0,
11846437,0,
11848162,0,
11851023,0,
11858613,0,
11858800,0,
11860413,0,
11860880,0,
11861126,0,
11861240,0,
11865261,0,
11868023,4.61353302,
11868490,0,
11874970,0,
11880783,0,
11887850,0,
11887885,0,
11892692,0,
11893788,0,
11894075,0,
11895748,0,
11895870,0,
11897775,0,
11899085,0,
11905425,0,
11905921,0,
11907657,0,
11912510,0,
11918209,0,
11920181,0,
11920246,2.670692444,
11925582,0,
11928816,0,
11931299,0,
11932481,0,
11932864,0,
11935219,0,
11940174,0,
11942320,0,
11944560,0,
11951117,0,
11952733,0,
11955155,0,
11958545,2.939161301,
11960469,0,
11961449,0,
11962470,0,
11965991,0,
11966521,0,
11966610,0,
11967854,0,
11968338,0,
11969636,0,
11973536,0,
11974699,3.173448563,
11976020,0,
11977868,0,
11978104,0,
11982136,0,
11982284,0,
11983159,0,
11983329,0,
11983663,0,
11983817,0,
11984252,0,
11984350,0,
11984619,0,
11985674,0,
11985852,0,
11986000,0,
11986352,0,
11987260,0,
11987405,0,
11988509,0,
11988657,0,
11989327,0,
11991470,0,
11991984,2.766317368,
11992913,0,
11994240,0,
11994339,0,
11994908,0,
11995645,0,
11998636,0,
11998814,0,
12001538,0,
12001686,0,
12003131,0,
12004979,0,
12006670,0,
12009024,0,
12009415,1.386293411,
12009555,0,
12010464,3.292125702,
12010928,0,
12011169,0,
12011550,0,
12011690,0,
12012050,0,
12015164,0,
12015768,0,
12017396,0,
12017744,0,
12018660,0,
12018848,0,
12020346,0,
12022020,0,
12022462,0,
12022756,0,
12022861,0,
12023167,0,
12023272,0,
12023442,0,
12023493,0,
12023779,0,
12024040,0,
12024791,0,
12025364,0,
12026247,0,
12027120,0,
12027227,0,
12028185,0,
12028932,0,
12029548,0,
12029840,0,
12030546,0,
12031844,0,
12031941,0,
12033421,0,
12034371,0,
12035289,0,
12036927,0,
12038180,0,
12038202,0,
12038776,0,
12039225,0,
12041122,0,
12043656,0,
12045179,0,
12046450,0,
12046507,0,
12046710,0,
12047104,0,
12047643,0,
12048577,0,
12048585,0,
12049905,0,
12050296,0,
12050393,0,
12050598,0,
12052132,0,
12053970,0,
12063126,0,
12078590,0,
12081159,0,
12094978,0,
12118753,0,
12122610,0,
12138908,0,
12244724,0,
12279404,0,
12293270,0,
12316881,0,
12316911,0,
12329703,0,
12343692,0,
12365823,0,
12375446,0,
12412511,0,
12449679,0,
12455261,0,
12462616,0,
12473812,3.54961586,
12474142,0,
12475149,0,
12495590,0,
12525227,0,
12535230,0,
12547093,0,
12553271,0,
12558877,3.414112091,
12559520,0,
12569585,0,
12577154,0,
12583600,3.291753769,
12610488,3.086029053,
12610755,0,
12611786,0,
12618187,0,
12619876,0,
12620220,0,
12633178,0,
12634352,0,
12635960,0,
12635995,0,
12640891,0,
12642142,0,
12642541,0,
12646954,0,
12649546,0,
12652350,0,
12653284,0,
12656887,0,
12657190,1.791758537,
12657760,0,
12660787,0,
12661511,4.393211365,
12665282,0,
12665509,3.26956749,
12670251,0,
12671010,0,
12672653,0,
12673749,0,
12677213,0,
12679917,1.791758537,
12680354,0,
12680672,0,
12684147,0,
12684180,0,
12686867,0,
12687898,0,
12690643,0,
12693685,0,
12694797,0,
12694967,0,
12696595,0,
12698717,0,
12699322,0,
12701769,0,
12705470,0,
12705608,0,
12705730,0,
12708593,0,
12710997,0,
12711365,0,
12712264,0,
12715174,0,
12716510,0,
12719927,4.002773285,
12724408,0,
12735167,2.073169708,
12736740,0,
12738239,0,
12743623,0,
12744042,3.577945709,
12750247,0,
12750450,0,
12753106,0,
12753599,0,
12754536,0,
12755230,0,
12755320,0,
12758043,0,
12761591,0,
12767433,4.312808991,
12777463,0,
12778532,0,
12779075,0,
12788708,0,
12791164,0,
12793299,0,
12793728,0,
12795321,0,
12797936,0,
12803235,0,
12807117,0,
12807575,0,
12807591,0,
12811602,0,
12813060,0,
12816124,0,
12820040,0,
12820636,0,
12820997,0,
12821390,0,
12822752,0,
12825824,0,
12830747,0,
12834548,0,
12836010,4.962142944,
12837539,0,
12841170,0,
12843792,0,
12851841,0,
12859559,0,
12859680,0,
12862843,0,
12863203,0,
12868418,0,
12878901,0,
12880264,0,
12884090,0,
12892351,0,
12893820,0,
12897469,0,
12899240,0,
12902721,0,
12902810,0,
12904589,2.631887436,
12908347,0,
12908428,0,
12909653,0,
12912891,0,
12913740,0,
12913871,0,
12919950,0,
12920517,0,
12923753,0,
12936677,2.769456863,
12939072,0,
12943436,3.710884094,
12946168,0,
12954071,0,
12955787,0,
12957682,0,
12959740,0,
12965987,0,
12971634,0,
12972371,0,
12974986,3.521938324,
12983390,0,
12988120,0,
12991996,0,
12993824,0,
12996033,3.173458099,
12996688,0,
13003410,0,
13007564,4.111667633,
13010360,0,
13015320,3.754198074,
13016580,0,
13024264,0,
13041371,0,
13043900,0,
13044281,0,
13067940,0,
13092430,0,
13105060,0,
13106031,0,
13152769,0,
13167367,0,
13181483,0,
13183249,0,
13200364,0,
13216414,0,
13218069,0,
13240714,5.068588257,
13241214,0,
13257773,0,
13258826,0,
13264168,0,
13266810,0,
13270397,0,
13280341,0,
13283359,0,
13285629,3.349903107,
13334000,0,
13335154,0,
13344781,0,
13347837,4.465099335,
13349260,0,
13371568,0,
13408119,0,
13419293,0,
13424696,0,
13426303,0,
13445022,0,
13446401,0,
13446991,0,
13448749,0,
13449192,0,
13449290,0,
13450727,0,
13451553,0,
13451715,0,
13454560,0,
13455532,0,
13455842,0,
13458094,0,
13461885,0,
13462164,0,
13463349,0,
13463845,0,
13465309,0,
13465376,0,
13465546,0,
13465759,0,
13467336,0,
13467395,0,
13467751,0,
13467832,0,
13468170,0,
13468332,0,
13468570,0,
13469614,0,
13470388,0,
13470450,0,
13470736,0,
13470892,0,
13471090,0,
13471244,0,
13471414,0,
13471449,0,
13472763,0,
13473581,0,
13473697,0,
13473760,0,
13473816,0,
13474880,0,
13475568,0,
13475851,0,
13476351,0,
13476556,0,
13477145,0,
13477447,0,
13477579,0,
13477803,0,
13477919,0,
13478001,0,
13478370,0,
13478486,0,
13478621,0,
13478630,0,
13478745,0,
13478753,0,
13478923,0,
13478974,0,
13479008,0,
13479040,0,
13479300,0,
13479725,0,
13480014,0,
13481622,0,
13481690,0,
13481916,0,
13482041,0,
13482114,0,
13482360,0,
13482394,0,
13482467,0,
13482505,3.579055786,
13482629,0,
13482912,0,
13482971,0,
13483315,0,
13483323,0,
13484710,2.484905243,
13485423,0,
13485741,0,
13486004,0,
13486071,0,
13486160,0,
13486209,0,
13486276,0,
13486284,0,
13486624,0,
13486802,0,
13486861,0,
13486977,0,
13487132,0,
13487213,0,
13487574,3.396183014,
13488040,0,
13488228,0,
13488287,3.43237114,
13488422,0,
13489704,0,
13489798,0,
13490559,2.300580978,
13490680,0,
13490877,0,
13491687,0,
13491695,0,
13491750,3.246490479,
13492209,0,
13492462,0,
13492888,0,
13492969,0,
13492977,0,
13493256,0,
13493809,0,
13493850,0,
13494171,0,
13495119,0,
13495275,0,
13495690,0,
13496166,0,
13496182,0,
13496395,0,
13496727,0,
13497170,0,
13498878,0,
13499467,0,
13500503,0,
13501291,0,
13501470,0,
13502131,0,
13502778,0,
13502980,0,
13504770,0,
13505203,0,
13505688,0,
13505696,0,
13506218,0,
13506234,0,
13506773,0,
13508032,0,
13509039,0,
13509055,0,
13509144,0,
13509195,0,
13509918,0,
13509934,0,
13510320,0,
13510762,0,
13511670,3.394506455,
13511963,0,
13512064,0,
13513044,0,
13513079,0,
13513915,0,
13514326,0,
13516752,0,
13516760,0,
13516795,0,
13517015,0,
13517708,0,
13517740,0,
13518380,0,
13518437,0,
13519280,0,
13521276,0,
13523465,0,
13524089,0,
13524844,0,
13524887,0,
13525360,0,
13525697,0,
13525760,0,
13527193,0,
13527509,0,
13527860,0,
13528289,0,
13528335,0,
13529099,0,
13530160,0,
13531255,0,
13533002,0,
13534378,0,
13536583,0,
13537130,0,
13538640,0,
13539280,0,
13539370,0,
13542010,0,
13543580,0,
13545116,0,
13546759,0,
13546970,0,
13547674,0,
13549146,0,
13551108,0,
13551302,0,
13551922,0,
13552112,0,
13552406,0,
13553860,0,
13554646,0,
13554670,0,
13555189,0,
13555626,0,
13555820,0,
13556070,0,
13556630,0,
13557050,0,
13557661,0,
13558285,0,
13558439,0,
13558765,0,
13560476,0,
13561545,0,
13562207,0,
13562770,0,
13563491,0,
13564595,0,
13565605,0,
13567535,0,
13567829,0,
13569252,0,
13569368,0,
13569465,0,
13570242,0,
13571184,0,
13572881,0,
13572890,0,
13573837,0,
13574345,0,
13574612,0,
13575252,0,
13575333,0,
13575937,0,
13576100,0,
13576453,0,
13577832,0,
13578073,0,
13578197,0,
13578510,3.490427017,
13578782,3.128950119,
13578804,0,
13579576,0,
13579797,0,
13580167,0,
13580523,0,
13580574,0,
13580817,0,
13581694,0,
13582020,0,
13582666,0,
13584618,0,
13585150,0,
13586009,0,
13586297,0,
13586548,0,
13587404,0,
13587420,0,
13587722,0,
13587765,0,
13587820,0,
13588710,0,
13590120,0,
13590146,0,
13590405,0,
13590421,3.927894592,
13590499,0,
13590715,0,
13590723,0,
13591126,0,
13591630,0,
13591932,0,
13592149,0,
13592335,0,
13592378,0,
13592610,0,
13593617,0,
13594222,0,
13594265,0,
13596799,0,
13598236,0,
13598414,0,
13599097,0,
13599496,0,
13599712,0,
13599933,0,
13600737,0,
13600818,0,
13601156,0,
13602500,0,
13602730,0,
13603108,0,
13603167,0,
13603647,2.549444199,
13604104,0,
13604376,0,
13604775,0,
13605186,0,
13607693,0,
13608681,0,
13608720,0,
13608754,0,
13608959,0,
13609475,0,
13609670,0,
13609939,0,
13611089,0,
13611429,0,
13611534,0,
13612867,0,
13613154,0,
13613278,0,
13613286,0,
13614800,0,
13615564,0,
13625900,0,
13628925,0,
13629921,0,
13631535,0,
13632043,0,
13632159,0,
13632590,0,
13632809,0,
13633015,0,
13633090,0,
13633317,0,
13633570,0,
13633961,0,
13634054,0,
13634160,0,
13634488,0,
13636421,0,
13637495,0,
13637541,0,
13637592,0,
13638092,0,
13638190,0,
13638505,0,
13638530,0,
13639692,0,
13640119,0,
13640615,0,
13640941,0,
13641336,0,
13641816,0,
13642049,0,
13642600,0,
13645692,0,
13649167,0,
13649477,0,
13652354,0,
13652893,0,
13653865,0,
13658492,0,
13659502,0,
13660500,0,
13661850,0,
13662783,0,
13663380,0,
13665073,0,
13667025,0,
13667289,0,
13670352,0,
13672800,0,
13673343,0,
13675125,3.918600082,
13675303,0,
13675575,0,
13675869,0,
13676032,0,
13676148,0,
13676725,0,
13676784,0,
13677063,0,
13677110,0,
13677217,0,
13677284,0,
13678310,0,
13678418,0,
13678795,0,
13678922,3.29026413,
13680463,0,
13680838,0,
13680862,0,
13680951,0,
13681249,0,
13681400,0,
13681419,0,
13682253,0,
13682440,0,
13682580,0,
13682687,0,
13683144,0,
13683314,0,
13683411,0,
13683470,0,
13683802,0,
13683969,0,
13684159,0,
13684248,0,
13684795,0,
13684841,0,
13684957,0,
13685155,0,
13686364,0,
13686828,0,
13686909,0,
13687611,0,
13687638,0,
13688057,0,
13688162,0,
13688375,0,
13688570,0,
13689452,0,
13689746,0,
13690353,0,
13690590,0,
13690744,0,
13690884,0,
13690990,0,
13691465,0,
13692623,0,
13693018,0,
13693204,0,
13694561,0,
13694669,0,
13695126,0,
13695657,0,
13695878,0,
13696122,0,
13696530,0,
13697153,0,
13697927,0,
13698001,0,
13698745,0,
13698885,0,
13699539,0,
13699709,0,
13699733,0,
13700456,0,
13700510,0,
13700758,0,
13700766,0,
13702050,0,
13704192,0,
13705822,0,
13706918,0,
13707477,0,
13707574,0,
13707884,0,
13709216,0,
13712110,0,
13712560,3.693864822,
13712632,0,
13712691,0,
13715852,0,
13716581,0,
13717162,0,
13718991,0,
13720775,0,
13722387,0,
13726439,0,
13726544,0,
13729586,0,
13729691,0,
13730550,0,
13734237,0,
13734377,0,
13735713,0,
13741039,0,
13743619,0,
13747614,0,
13748327,0,
13749498,0,
13758586,0,
13762486,0,
13766902,0,
13767895,0,
13769227,0,
13773747,0,
13773844,0,
13787438,0,
13792300,0,
13792407,0,
13794850,0,
13796267,0,
13797743,0,
13800132,0,
13801775,0,
13803654,0,
13812076,0,
13813099,0,
13817710,0,
13820486,0,
13820591,0,
13822292,0,
13824058,0,
13825410,0,
13826484,0,
13826697,0,
13827324,0,
13827383,0,
13827677,0,
13827944,2.393339157,
13827952,0,
13828878,0,
13828894,0,
13829483,0,
13829572,0,
13830570,0,
13830899,0,
13831160,0,
13831178,0,
13831550,0,
13832344,0,
13832379,0,
13832522,3.430755615,
13832808,0,
13832921,0,
13833030,0,
13833316,0,
13833499,0,
13833553,0,
13833669,0,
13834118,0,
13834142,0,
13834223,0,
13834410,0,
13834649,0,
13835360,0,
13835440,0,
13835513,0,
13835629,0,
13835661,0,
13835670,0,
13836706,4.152610779,
13836722,0,
13836838,0,
13838881,0,
13839179,0,
13839926,0,
13839950,0,
13840029,0,
13840720,0,
13841041,4.559020996,
13841130,0,
13841645,0,
13842153,0,
13842234,0,
13842510,0,
13843192,0,
13844423,0,
13844598,0,
13844911,0,
13845055,0,
13845497,0,
13845799,0,
13845977,0,
13846140,0,
13846248,0,
13846299,0,
13846566,0,
13846620,0,
13846760,0,
13846795,0,
13846868,0,
13847031,0,
13847465,0,
13847511,2.524927139,
13847708,0,
13847813,0,
13847988,0,
13848038,0,
13848291,0,
13848321,0,
13849093,0,
13849581,0,
13849930,0,
13850075,0,
13850539,0,
13851241,0,
13851276,0,
13851969,0,
13852140,0,
13852426,0,
13852965,0,
13853040,0,
13853104,0,
13853279,0,
13854160,0,
13854305,0,
13854615,0,
13855450,0,
13856162,0,
13856260,0,
13856278,0,
13856596,0,
13856758,0,
13857509,2.853013992,
13857630,0,
13857967,0,
13858513,0,
13858742,0,
13859196,0,
13859234,0,
13859889,0,
13860402,3.427513123,
13860453,0,
13860909,0,
13860984,0,
13861115,0,
13861255,0,
13861840,0,
13863363,0,
13864033,0,
13865250,2.884799957,
13865307,0,
13865390,0,
13866451,0,
13867350,0,
13867482,0,
13869060,0,
13869140,0,
13869272,0,
13869396,0,
13869639,3.254241943,
13870645,0,
13871048,0,
13871056,0,
13871137,0,
13872834,0,
13872974,0,
13873067,0,
13873199,2.191652298,
13873474,0,
13873695,0,
13873784,3.360374451,
13874152,0,
13874217,0,
13874527,0,
13874535,0,
13874683,0,
13875493,0,
13877780,0,
13877828,0,
13878298,0,
13878336,0,
13878620,0,
13879294,0,
13879570,0,
13879804,0,
13882139,0,
13882309,0,
13882384,3.697589874,
13882465,0,
13883178,0,
13883534,0,
13883658,0,
13883763,0,
13884077,0,
13884433,0,
13884522,0,
13884794,0,
13885960,0,
13886363,0,
13886843,0,
13886851,0,
13886916,0,
13887203,0,
13887475,0,
13888749,0,
13888790,0,
13888951,0,
13889257,0,
13890484,0,
13890620,0,
13892215,0,
13892223,0,
13892517,0,
13892703,0,
13894110,0,
13894749,0,
13896032,0,
13896156,0,
13897845,0,
13897888,0,
13897969,0,
13898116,0,
13899651,0,
13900897,3.169683456,
13900935,0,
13901010,0,
13901613,0,
13902725,0,
13903128,0,
13904566,0,
13904930,0,
13904973,0,
13905708,0,
13905716,0,
13906089,0,
13911686,0,
13912313,0,
13913506,0,
13914839,0,
13915274,0,
13917773,0,
13925601,2.801538467,
13935275,0,
13935801,0,
13937430,0,
13944967,0,
13945971,2.82731247,
13956230,0,
13958941,0,
13960075,0,
13960121,0,
13960202,0,
13960253,0,
13964585,0,
13965280,0,
13965980,0,
13966880,0,
13968327,0,
13968424,0,
13968696,0,
13969951,0,
13970429,0,
13970968,0,
13972421,0,
13973304,0,
13974556,0,
13976184,0,
13977059,0,
13977270,0,
13977792,0,
13977946,0,
13977954,0,
13978330,0,
13978403,0,
13981951,0,
13984292,0,
13984730,0,
13986635,0,
13987887,0,
13988190,0,
13988310,0,
13990810,0,
13993879,0,
13994336,0,
13994344,0,
13995014,0,
13995197,0,
13997300,0,
13998455,0,
13998480,0,
13998587,0,
13998722,0,
14000075,0,
14000725,0,
14000784,0,
14001047,0,
14002221,0,
14002230,0,
14002272,0,
14003937,0,
14004534,0,
14005794,0,
14006022,0,
14007460,0,
14007940,0,
14007983,0,
14008009,0,
14008564,0,
14010054,0,
14010321,0,
14013703,0,
14018519,0,
14019140,0,
14019159,0,
14020440,0,
14021986,0,
14022095,0,
14024772,0,
14025183,0,
14026368,0,
14027143,0,
14029723,0,
14034280,0,
14042843,0,
14046601,0,
14047551,0,
14047586,0,
14049376,0,
14053721,0,
14055724,0,
14055856,0,
14056372,0,
14056470,0,
14057255,0,
14060264,0,
14060388,0,
14060450,0,
14061430,0,
14062682,0,
14063468,0,
14065428,0,
14065894,0,
14077035,0,
14082853,0,
14083841,0,
14085534,0,
14094649,0,
14133490,0,
14133881,0,
14139545,0,
14152932,0,
14171040,0,
14205653,0,
14241420,0,
14307251,0,
14311224,0,
14318547,0,
14340119,0,
14340194,0,
14353091,0,
14365499,0,
14390469,0,
14396637,0,
14401444,2.766317368,
14420686,0,
14440989,0,
14453983,0,
14460971,0,
14476665,3.462604523,
14495325,0,
14514052,0,
14514249,0,
14540746,0,
14562030,0,
14595150,0,
14677407,4.278327942,
14680971,0,
14689596,0,
14694204,0,
14694727,0,
14695138,0,
14696339,0,
14697211,0,
14698447,0,
14699532,0,
14700077,0,
14700590,0,
14701448,0,
14704064,0,
14706660,0,
14707241,0,
14709945,0,
14711664,0,
14711800,0,
14712547,0,
14713527,0,
14713977,0,
14714787,0,
14717387,0,
14717840,0,
14717972,0,
14718138,0,
14718260,0,
14718340,0,
14718367,0,
14718650,0,
14718669,0,
14719304,0,
14720043,0,
14720345,0,
14721457,0,
14721562,0,
14721880,0,
14722437,0,
14722992,0,
14723085,0,
14723620,0,
14724081,0,
14724693,0,
14724774,0,
14724944,0,
14725134,0,
14725657,0,
14726084,0,
14726378,0,
14726823,0,
14726840,0,
14727480,0,
14727897,0,
14728400,0,
14728770,0,
14728869,0,
14729393,0,
14729490,0,
14729709,0,
14729750,0,
14729806,0,
14729890,0,
14729970,0,
14730006,0,
14730162,0,
14730260,0,
14731010,0,
14731363,0,
14731568,0,
14731738,0,
14731932,0,
14732742,0,
14733480,0,
14733722,0,
14734664,0,
14734737,0,
14734885,0,
14736187,0,
14736470,0,
14736845,0,
14737213,0,
14737370,0,
14737434,0,
14737841,0,
14737876,0,
14738058,0,
14738120,0,
14738341,0,
14738643,0,
14738783,0,
14738899,0,
14738910,0,
14738961,0,
14739119,0,
14739160,0,
14739240,0,
14739259,0,
14739267,0,
14739364,0,
14739372,0,
14739399,0,
14739674,0,
14740133,0,
14740940,4.008056641,
14741040,0,
14741393,0,
14741466,0,
14741512,0,
14742373,0,
14742624,0,
14742837,3.927894592,
14743019,0,
14743248,0,
14743329,0,
14743400,0,
14744201,0,
14744457,0,
14744520,0,
14744589,0,
14745038,0,
14745054,2.988203049,
14745526,0,
14745623,0,
14745941,0,
14746069,0,
14746344,2.941274643,
14746557,0,
14746697,0,
14746867,0,
14747871,0,
14748312,0,
14748339,0,
14748568,0,
14748789,0,
14749114,0,
14749467,0,
14750716,0,
14750856,0,
14751194,0,
14751445,0,
14751593,3.575149536,
14751798,0,
14751844,0,
14752280,0,
14752557,0,
14752794,0,
14753065,0,
14753170,0,
14753219,0,
14753308,0,
14753529,0,
14753537,0,
14753642,0,
14753855,0,
14754118,0,
14754312,0,
14754754,0,
14754886,4.502025604,
14754894,0,
14755246,0,
14756021,0,
14756463,0,
14756684,0,
14756862,0,
14756951,0,
14757028,0,
14757044,0,
14757419,0,
14757427,0,
14757435,0,
14757818,0,
14757907,0,
14758199,0,
14759101,0,
14759128,0,
14759764,0,
14760487,0,
14761432,0,
14761831,0,
14761912,0,
14762056,0,
14762420,0,
14762510,0,
14762650,0,
14763508,0,
14764776,0,
14765209,0,
14766051,0,
14766183,0,
14766787,0,
14766957,0,
14766990,0,
14767376,0,
14767414,0,
14768305,0,
14768356,0,
14768380,0,
14768925,0,
14769727,0,
14769808,0,
14770083,0,
14770245,0,
14770253,0,
14770407,0,
14770750,0,
14770776,0,
14771764,0,
14771969,0,
14772124,0,
14772221,3.708681107,
14772434,0,
14772795,0,
14773660,0,
14773775,3.653251648,
14773880,0,
14774925,0,
14775727,0,
14775743,0,
14775824,0,
14776138,0,
14776391,0,
14777320,0,
14777533,0,
14777541,0,
14778033,0,
14778076,0,
14778289,0,
14779188,3.651954651,
14779730,0,
14779994,0,
14780119,0,
14780704,0,
14780747,0,
14781212,2.63476181,
14783479,0,
14783690,0,
14784475,0,
14784629,0,
14785056,0,
14785188,0,
14785218,0,
14785439,0,
14785900,0,
14786001,0,
14786150,0,
14786516,0,
14787121,0,
14789337,0,
14789400,0,
14789639,0,
14790858,0,
14790904,0,
14791005,0,
14791137,0,
14791536,0,
14793261,4.033176422,
14793938,0,
14795345,0,
14795469,0,
14795841,0,
14798832,0,
14800144,0,
14800411,0,
14800454,0,
14800497,0,
14800667,0,
14801663,0,
14801914,0,
14801949,0,
14802376,0,
14802562,0,
14802759,0,
14803844,0,
14803887,0,
14804212,0,
14804301,0,
14804778,0,
14805570,0,
14805596,2.826721191,
14805839,0,
14806223,0,
14806282,0,
14806304,0,
14806541,0,
14806797,0,
14806967,0,
14807009,0,
14807262,0,
14807386,0,
14807513,0,
14808382,0,
14811030,0,
14811316,0,
14812010,0,
14812169,0,
14813874,0,
14814544,0,
14814560,0,
14814650,0,
14814889,0,
14815362,0,
14815451,0,
14816512,0,
14816555,0,
14816644,0,
14816962,0,
14817039,0,
14819082,0,
14823977,0,
14824639,0,
14826348,0,
14826488,0,
14826720,0,
14827107,0,
14827247,0,
14828251,0,
14829568,0,
14829681,0,
14831341,0,
14831430,0,
14831457,0,
14831910,0,
14832747,0,
14833344,0,
14833484,0,
14834367,0,
14834448,0,
14834626,0,
14836025,0,
14836289,0,
14836858,0,
14837170,0,
14837218,0,
14838559,0,
14838648,4.056121826,
14838877,0,
14839563,0,
14839830,0,
14842165,0,
14842327,0,
14845253,0,
14846519,0,
14847566,0,
14847760,0,
14847884,0,
14848775,0,
14849429,3.194581986,
14849640,0,
14849682,0,
14849712,0,
14849933,0,
14849968,0,
14850176,0,
14852713,0,
14852764,0,
14856000,0,
14856069,0,
14856409,0,
14856859,0,
14857251,0,
14857588,0,
14858924,0,
14858983,0,
14863219,0,
14863740,0,
14864142,0,
14864711,0,
14865424,0,
14867583,0,
14870495,0,
14871343,0,
14871351,0,
14874679,0,
14874784,0,
14875896,0,
14877023,0,
14878402,0,
14879760,0,
14881306,0,
14882892,0,
14890640,0,
14896443,0,
14897490,0,
14897610,0,
14898071,0,
14898799,0,
14905981,0,
14906368,0,
14907194,0,
14907461,0,
14907917,0,
14909880,0,
14909960,3.755367279,
14910217,0,
14910241,0,
14929309,0,
14939070,0,
14953340,0,
14954052,0,
14954192,0,
14954397,0,
14965518,0,
14966328,0,
14966611,0,
15116530,0,
15116727,0,
15146723,0,
15225984,0,
15242781,0,
15242927,0,
15244768,0,
15245926,0,
15247988,3.928676605,
15248895,0,
15250482,3.430755615,
15257274,0,
15264955,0,
15265250,0,
15266583,0,
15268470,0,
15273644,0,
15276180,0,
15279081,0,
15309894,0,
15330710,0,
15330915,0,
15345734,0,
15347680,0,
15348199,0,
15353400,0,
15354121,0,
15357198,0,
15359042,0,
15360415,0,
15362590,0,
15362779,0,
15362841,0,
15366618,6.082878113,
15389685,0,
15391272,0,
15391280,0,
15392503,0,
15400310,0,
15405710,0,
15406326,0,
15407896,0,
15407926,0,
15419118,0,
15427501,0,
15428966,0,
15429660,0,
15434915,0,
15437515,0,
15439763,0,
15451240,0,
15452492,0,
15457109,0,
15459047,0,
15461858,0,
15471608,0,
15473066,0,
15480607,0,
15500659,0,
15515427,0,
15595609,0,
15702634,0,
15755584,0,
15755630,0,
15758958,0,
15759334,0,
15759369,0,
15759555,0,
15761410,0,
15761886,0,
15761932,0,
15765482,0,
15766420,0,
15766748,0,
15766888,0,
15766969,0,
15767264,0,
15767671,0,
15768163,0,
15769550,0,
15770257,0,
15770311,0,
15771415,0,
15771539,0,
15772594,0,
15772616,0,
15773310,0,
15773434,0,
15774457,0,
15774708,0,
15774759,0,
15775232,0,
15775909,0,
15775968,0,
15776220,0,
15792153,0,
15792919,0,
15793605,0,
15795233,0,
15795799,0,
15796558,0,
15797392,0,
15797473,0,
15798488,0,
15798950,0,
15799530,3.039747238,
15799549,0,
15799611,0,
15799727,0,
15800130,0,
15800180,0,
15800202,0,
15800377,0,
15800440,0,
15800490,0,
15801250,0,
15802574,0,
15803015,0,
15803104,0,
15803449,0,
15803872,0,
15803945,0,
15803988,0,
15804496,0,
15804585,0,
15804747,0,
15805000,0,
15805093,0,
15805140,0,
15805247,0,
15805310,0,
15805352,0,
15805409,0,
15805549,0,
15805832,0,
15806251,0,
15806405,0,
15806480,0,
15806596,0,
15806669,0,
15806715,0,
15806839,0,
15806901,0,
15806910,0,
15807002,0,
15807142,0,
15807460,0,
15807649,0,
15807703,0,
15807754,0,
15807827,0,
15807835,0,
15808165,0,
15808262,0,
15808467,0,
15808610,0,
15808920,0,
15809129,0,
15809161,0,
15809501,0,
15809510,0,
15809625,0,
15809668,0,
15809986,0,
15810771,3.846950531,
15811026,0,
15811565,0,
15812375,0,
15812774,0,
15813304,0,
15813630,0,
15813835,1.783390045,
15814165,0,
15814203,0,
15814394,0,
15814530,0,
15815331,0,
15816192,0,
15816478,0,
15816680,0,
15816702,0,
15816907,0,
15816990,0,
15817164,0,
15817199,0,
15817849,3.927894592,
15818004,0,
15818020,0,
15818101,0,
15818233,3.039203644,
15818284,0,
15818560,0,
15819060,0,
15819132,0,
15819280,0,
15819779,0,
15819965,0,
15820599,0,
15820742,0,
15820874,0,
15820882,0,
15820971,0,
15821358,0,
15821749,0,
15821846,0,
15821927,0,
15821935,0,
15822010,0,
15822184,0,
15822311,0,
15823695,0,
15823970,0,
15824039,0,
15824063,0,
15824080,0,
15824110,0,
15824322,3.59264183,
15824470,0,
15824829,0,
15825256,0,
15826325,0,
15826538,0,
15827216,0,
15827313,0,
15827330,0,
15827453,0,
15827682,0,
15828000,3.493471146,
15828760,0,
15828786,0,
15828808,0,
15829243,0,
15830012,0,
15830209,0,
15830284,0,
15830586,0,
15831019,0,
15831108,0,
15831213,0,
15832430,0,
15832473,0,
15832678,0,
15832988,0,
15833054,0,
15833240,0,
15833410,0,
15833780,0,
15833852,0,
15833895,0,
15834425,0,
15834484,0,
15834727,0,
15835081,0,
15835170,0,
15835294,0,
15835510,0,
15835782,0,
15835839,0,
15835855,0,
15836169,0,
15836436,0,
15836649,0,
15836843,0,
15837319,0,
15837424,0,
15837475,0,
15837491,0,
15837670,0,
15837742,0,
15837823,0,
15837904,0,
15838560,0,
15838757,0,
15838927,0,
15839338,0,
15839699,2.292533875,
15840379,0,
15841154,0,
15842380,0,
15842410,0,
15843319,0,
15843343,0,
15843580,0,
15843785,0,
15844145,0,
15844285,0,
15844617,0,
15844889,0,
15845311,0,
15845320,0,
15845737,0,
15845877,0,
15846105,0,
15846326,0,
15846350,0,
15847071,0,
15847144,0,
15848086,0,
15848353,0,
15848787,0,
15849180,0,
15849422,0,
15849430,0,
15849473,0,
15849490,0,
15849546,0,
15849716,0,
15849767,0,
15850447,0,
15850757,0,
15851206,0,
15851249,0,
15851265,0,
15851362,0,
15851400,0,
15851613,0,
15851656,0,
15851745,0,
15851753,0,
15852334,0,
15852474,0,
15852733,0,
15853519,0,
15853926,0,
15854981,0,
15855120,0,
15855554,0,
15855767,0,
15856585,0,
15856674,0,
15856771,0,
15857247,0,
15857549,0,
15857727,0,
15857875,0,
15858154,0,
15858421,0,
15858723,0,
15858847,0,
15859436,3.038789749,
15859770,3.708681107,
15860221,0,
15860531,0,
15860698,0,
15861244,0,
15862119,0,
15862399,0,
15862666,0,
15864049,0,
15864111,0,
15864251,0,
15864553,0,
15865150,0,
15866378,2.197223663,
15866998,0,
15867161,0,
15867447,0,
15868214,0,
15868389,0,
15868419,0,
15868664,0,
15868702,0,
15869563,0,
15870766,0,
15871304,0,
15871509,0,
15872408,0,
15872610,0,
15873188,0,
15873420,0,
15873439,0,
15874591,0,
15875164,0,
15875482,0,
15875849,3.43237114,
15875890,0,
15876110,0,
15876632,0,
15876691,0,
15877850,0,
15878538,0,
15878694,0,
15878937,0,
15879380,0,
15879860,0,
15880788,0,
15880990,0,
15881300,0,
15881423,3.084199905,
15881539,0,
15881652,0,
15883132,0,
15883477,0,
15883949,0,
15885151,0,
15886000,0,
15886603,0,
15886611,0,
15886808,0,
15887138,0,
15887162,0,
15887855,0,
15888002,2.766317368,
15888207,0,
15888703,0,
15888991,0,
15889130,0,
15889181,0,
15890430,0,
15890473,0,
15890635,0,
15891518,0,
15891593,0,
15891658,0,
15891844,0,
15892158,0,
15892867,0,
15892891,0,
15893073,0,
15894860,0,
15895645,0,
15895831,0,
15896064,0,
15896137,0,
15896935,0,
15897273,0,
15897346,0,
15897419,3.572343826,
15897974,0,
15898300,0,
15899373,0,
15899446,0,
15899683,0,
15900770,0,
15901211,0,
15902412,0,
15902870,0,
15903052,0,
15903567,0,
15904911,0,
15906809,0,
15906914,0,
15907104,0,
15907279,0,
15907996,0,
15908461,0,
15909395,0,
15911179,0,
15912981,4.541057587,
15913295,0,
15914151,0,
15915930,0,
15918076,0,
15919560,0,
15920054,0,
15922189,0,
15924564,0,
15925056,0,
15925684,0,
15926168,0,
15928551,0,
15929396,0,
15930661,0,
15931846,0,
15931994,0,
15932508,0,
15932540,0,
15932664,0,
15932680,0,
15932702,0,
15932800,0,
15932907,0,
15934071,2.014902115,
15935698,0,
15936392,0,
15936430,0,
15936600,0,
15936643,0,
15936961,0,
15937011,0,
15939405,0,
15939740,0,
15939871,0,
15940560,0,
15940624,0,
15940853,0,
15941043,0,
15941876,0,
15942058,0,
15942481,0,
15942520,3.930843353,
15945901,0,
15947467,0,
15947939,0,
15948315,0,
15948390,0,
15948560,0,
15949656,0,
15950280,0,
15950360,0,
15950883,0,
15951090,0,
15951529,0,
15952150,0,
15953939,0,
15957349,0,
15957721,0,
15960366,0,
15961052,0,
15961915,0,
15962032,0,
15962148,0,
15962946,0,
15962962,0,
15963527,0,
15963934,0,
15964795,0,
15964930,0,
15966780,0,
15968863,0,
15969550,0,
15971074,0,
15971210,0,
15971660,0,
15972291,0,
15974405,0,
15974898,0,
15975134,0,
15975746,0,
15976165,0,
15976696,0,
15976718,0,
15976882,0,
15980367,0,
15980430,0,
15981690,0,
15981738,0,
15981754,0,
15983765,0,
16030648,0,
16032012,0,
16033523,0,
16034619,0,
16035054,0,
16036077,0,
16036263,0,
16037812,0,
16038134,0,
16039319,0,
16039467,0,
16040104,0,
16040686,0,
16040759,0,
16041011,0,
16041399,0,
16043642,0,
16043871,0,
16044568,0,
16045866,0,
16046099,0,
16048458,0,
16048792,0,
16049870,0,
16051270,0,
16051300,0,
16054091,0,
16055446,0,
16055470,0,
16056728,0,
16057643,0,
16058518,0,
16059972,0,
16060393,0,
16060962,0,
16061233,0,
16061594,2.635478973,
16062701,0,
16062981,0,
16063490,0,
16252071,0,
